-- MySQL Administrator dump 1.4
--
-- ------------------------------------------------------
-- Server version	5.1.41-3ubuntu12.6


/*!40101 SET @OLD_CHARACTER_SET_CLIENT=@@CHARACTER_SET_CLIENT */;
/*!40101 SET @OLD_CHARACTER_SET_RESULTS=@@CHARACTER_SET_RESULTS */;
/*!40101 SET @OLD_COLLATION_CONNECTION=@@COLLATION_CONNECTION */;
/*!40101 SET NAMES utf8 */;

/*!40014 SET @OLD_UNIQUE_CHECKS=@@UNIQUE_CHECKS, UNIQUE_CHECKS=0 */;
/*!40014 SET @OLD_FOREIGN_KEY_CHECKS=@@FOREIGN_KEY_CHECKS, FOREIGN_KEY_CHECKS=0 */;
/*!40101 SET @OLD_SQL_MODE=@@SQL_MODE, SQL_MODE='NO_AUTO_VALUE_ON_ZERO' */;


--
-- Create schema congreso
--

CREATE DATABASE IF NOT EXISTS congreso;
USE congreso;

--
-- Definition of table `congreso`.`estudiantes`
--

DROP TABLE IF EXISTS `congreso`.`estudiantes`;
CREATE TABLE  `congreso`.`estudiantes` (
  `cedula` varchar(35) NOT NULL,
  `nombre` varchar(60) NOT NULL,
  `idfacultad` int(11) NOT NULL,
  `carrera` varchar(75) NOT NULL,
  `telefono` varchar(15) DEFAULT NULL,
  `direccion` varchar(80) NOT NULL,
  `email` varchar(100) DEFAULT NULL,
  `grupo` varchar(70) DEFAULT NULL,
  `registrado` varchar(2) NOT NULL DEFAULT 'no',
  `recibopago` varchar(15) DEFAULT NULL,
  PRIMARY KEY (`cedula`)
) ENGINE=MyISAM DEFAULT CHARSET=latin1;

--
-- Dumping data for table `congreso`.`estudiantes`
--

/*!40000 ALTER TABLE `estudiantes` DISABLE KEYS */;
LOCK TABLES `estudiantes` WRITE;
INSERT INTO `congreso`.`estudiantes` VALUES  ('02-0728-00361','ARANDA LEIBI',6,'LIC. EN COM. EJEC. BILINGÜE','','','','','no',''),
 ('02-0729-00338','VALDERRAMA MAYBI',6,'LIC. EN COM. EJEC. BILINGÜE','','','','','no',''),
 ('06-0086-00376','RODRIGUEZ CASILDA',6,'LIC. EN COM. EJEC. BILINGÜE','','','','','no',''),
 ('06-0711-02353','RODRIGUEZ SUSAN',6,'LIC. EN COM. EJEC. BILINGÜE','','','','','no',''),
 ('06-0714-01644','PEREIRA KATHELYS',6,'LIC. EN COM. EJEC. BILINGÜE','','','','','no',''),
 ('06-0714-02406','LOBO ALLAN',6,'LIC. EN COM. EJEC. BILINGÜE','','','','','no',''),
 ('06-0715-00728','RODRIGUEZ KATIUSKA',6,'LIC. EN COM. EJEC. BILINGÜE','','','','','no',''),
 ('06-0715-01177','BARRIA PAMELA',6,'LIC. EN COM. EJEC. BILINGÜE','','','','','no',''),
 ('06-0715-01626','JIMENEZ MARCIAGA HILDA',6,'LIC. EN COM. EJEC. BILINGÜE','','','','','no',''),
 ('06-0715-01693','DÍAZ, SHERLY',6,'LIC. EN COM. EJEC. BILINGÜE','','','',NULL,'no',''),
 ('07-0706-01824','HERRERA, VINILKA',6,'LIC. EN COM. EJEC. BILINGÜE','','','',NULL,'no',''),
 ('07-0706-01873','GONZALEZ, ALEXIS',6,'LIC. EN COM. EJEC. BILINGÜE','','','',NULL,'no',''),
 ('06-0715-00287','PEREZ YOMALLI',6,'LIC. EN COM. EJEC. BILINGÜE','','','','','no',''),
 ('07-0704-02421','DIAZEDGAR R.',6,'LIC. EN COM. EJEC. BILINGÜE','','','','','no',''),
 ('07-0705-00111','VARGAS WALKIRIA',6,'LIC. EN COM. EJEC. BILINGÜE','','','','','no',''),
 ('07-0705-00870','JAEN RITA',6,'LIC. EN COM. EJEC. BILINGÜE','','','','','no',''),
 ('07-0707-00436','CEDEÑO VERONICA',6,'LIC. EN COM. EJEC. BILINGÜE','','','','','no',''),
 ('07-0707-00496','GRIMAS BETZAIDA',6,'LIC. EN COM. EJEC. BILINGÜE','','','','','no',''),
 ('08-0832-00504','RAMOS VIANEY',6,'LIC. EN COM. EJEC. BILINGÜE','','','','','no',''),
 ('08-0843-01727','CASTILLO DELIA',6,'LIC. EN COM. EJEC. BILINGÜE','','','','','no',''),
 ('08-0852-00947','ZAMBRANO KEIDY',6,'LIC. EN COM. EJEC. BILINGÜE','','','','','no',''),
 ('09-0731-00402','ARCIA LORYS',6,'LIC. EN COM. EJEC. BILINGÜE','','','','','no',''),
 ('07-0708-00490','CASTILLO, GERALDINE',6,'LIC. EN COM. EJEC. BILINGÜE','','','','','no',''),
 ('08-0851-00704','RAMOS, ALEJANDRA',6,'LIC. EN COM. EJEC. BILINGÜE','','','','','no',''),
 ('09-0736-00669','FUENTES, ASUNCIÓN',6,'LIC. EN COM. EJEC. BILINGÜE','','','','','no',''),
 ('09-0736-01942','NUÑEZ, KRISTEL',6,'LIC. EN COM. EJEC. BILINGÜE','','','','','no',''),
 ('06-0706-00854','SOLIS, MILAGROS DEL CAR',6,'LIC. EN COM. EJEC. BILINGÜE','','','','','no',''),
 ('06-0709-01371','CEDEÑO, KATERIN',6,'LIC. EN COM. EJEC. BILINGÜE','','','','','no',''),
 ('06-0711-02419','CEDEÑO, OMAR',6,'LIC. EN COM. EJEC. BILINGÜE','','','','','no',''),
 ('06-0713-00234','VILLARREAL ERIANA',6,'LIC. EN COM. EJEC. BILINGÜE','','','','','no',''),
 ('06-0714-00713','ORO GUILLERMO',6,'LIC. EN COM. EJEC. BILINGÜE','','','','','no',''),
 ('06-0714-01239','VILLARREAL ERIANA',6,'LIC. EN COM. EJEC. BILINGÜE','','','','','no',''),
 ('06-0714-01302','ESPINOSA ZUELI',6,'LIC. EN COM. EJEC. BILINGÜE','','','','','no',''),
 ('06-0714-02207','SÁENZ MARIA',6,'LIC. EN COM. EJEC. BILINGÜE','','','','','no',''),
 ('06-0715-00029','CABALLERO STEPHANY',6,'LIC. EN COM. EJEC. BILINGÜE','','','','','no',''),
 ('06-0702-02295','CEDEÑO ORLANDO',6,'LIC. EN COM. EJEC. BILINGÜE','','','','','no',''),
 ('06-0706-01907','GONZALEZ ARIEL HORACIO',6,'LIC. EN COM. EJEC. BILINGÜE','','','','','no',''),
 ('06-0708-01821','CORRO  PINILLA ABDIEL  ANTONIO',6,'LIC. EN COM. EJEC. BILINGÜE','','','','','no',''),
 ('06-0709-01878','ALMENGOR RAUL',6,'LIC. EN COM. EJEC. BILINGÜE','','','','','no',''),
 ('06-0710-00887','RODRIGUEZ CARMELIA',6,'LIC. EN COM. EJEC. BILINGÜE','','','','','no',''),
 ('06-0712-00068','DIAZ CEDEÑO LEIDY TATIANA',6,'LIC. EN COM. EJEC. BILINGÜE','','','','','no',''),
 ('06-0712-01774','VILLARREAL MARLINA',6,'LIC. EN COM. EJEC. BILINGÜE','','','','','no',''),
 ('06-0712-02406','GUILLEN MILAGROS',6,'LIC. EN COM. EJEC. BILINGÜE','','','','','no',''),
 ('06-0713-00768','ESPINOZA SAMANIEGO VIVIAN KARELYS',6,'LIC. EN COM. EJEC. BILINGÜE','','','','','no',''),
 ('06-0713-01220','TELLO GHISLANE',6,'LIC. EN COM. EJEC. BILINGÜE','','','','','no',''),
 ('06-0713-01832','QUINTERO NYLEEN',6,'LIC. EN COM. EJEC. BILINGÜE','','','','','no',''),
 ('06-0713-02121','MENDOZA DIGNA',6,'LIC. EN COM. EJEC. BILINGÜE','','','','','no',''),
 ('06-0714-00314','AROSEMENA AYLEEN',6,'LIC. EN COM. EJEC. BILINGÜE','','','','','no',''),
 ('06-0714-00666','BATISTA KATHIUSKA',6,'LIC. EN COM. EJEC. BILINGÜE','','','','','no',''),
 ('07-0703-02419','GONZALEZ  JOSE DE LA CRUZ',6,'LIC. EN COM. EJEC. BILINGÜE','','','','','no',''),
 ('07-0704-01057','CALDERON ROSARY',6,'LIC. EN COM. EJEC. BILINGÜE','','','','','no',''),
 ('08-0758-02043','MUÑOZ JORGE',6,'LIC. EN COM. EJEC. BILINGÜE','','','','','no',''),
 ('08-0818-00733','CRESPO MILCA',6,'LIC. EN COM. EJEC. BILINGÜE','','','','','no',''),
 ('08-0828-00978','CASTRO ZULLY',6,'LIC. EN COM. EJEC. BILINGÜE','','','','','no',''),
 ('09-0731-01598','ESPINOSA MAYDEN',6,'LIC. EN COM. EJEC. BILINGÜE','','','','','no',''),
 ('04-0747-00854','ALVAREZ ANDREA',6,'LIC. EN COM. EJEC. BILINGÜE','','','','','no',''),
 ('06-0710-01339','SHIPPRITT YASMILKA J.',6,'LIC. EN COM. EJEC. BILINGÜE','','','','','no',''),
 ('07-0700-02049','RODRIGUEZ RIQUELDA',6,'LIC. EN COM. EJEC. BILINGÜE','','','','','no',''),
 ('07-0703-00928','VERGARA LINELY M.',6,'LIC. EN COM. EJEC. BILINGÜE','','','','','no',''),
 ('07-0703-02017','DIAZ LEIDYS',6,'LIC. EN COM. EJEC. BILINGÜE','','','','','no',''),
 ('07-0706-00687','GUTIERREZ YARITZA',6,'LIC. EN COM. EJEC. BILINGÜE','','','','','no',''),
 ('08-0818-02330','HERRERA JENNIFER',6,'LIC. EN COM. EJEC. BILINGÜE','','','','','no',''),
 ('06-0068-00469','VEGA ROGER',6,'POSTGRADO EN DOCENCIA SUPERIOR','','','','','no',''),
 ('06-0085-00823','VILLARREAL SECUNDINO',6,'POSTGRADO EN DOCENCIA SUPERIOR','','','','','no',''),
 ('06-0087-00698','AGUILAR DALIA',6,'POSTGRADO EN DOCENCIA SUPERIOR','','','','','no',''),
 ('06-0702-00210','BATISTA ELISEO',6,'POSTGRADO EN DOCENCIA SUPERIOR','','','','','no',''),
 ('06-0704-01498','CEDEÑO FRANCISCO',6,'POSTGRADO EN DOCENCIA SUPERIOR','','','','','no',''),
 ('06-0706-00024','BATISTA VIELSA',6,'POSTGRADO EN DOCENCIA SUPERIOR','','','','','no',''),
 ('06-0707-01683','MOJICA ELIZABETH',6,'POSTGRADO EN DOCENCIA SUPERIOR','','','','','no',''),
 ('06-0707-01990','SAAVEDRA ROGER',6,'POSTGRADO EN DOCENCIA SUPERIOR','','','','','no',''),
 ('06-0709-00977','CEDEÑO ARACELIS',6,'POSTGRADO EN DOCENCIA SUPERIOR','','','','','no',''),
 ('06-0711-01007','VILLARREAL YANILKA',6,'POSTGRADO EN DOCENCIA SUPERIOR','','','','','no',''),
 ('06-0711-02159','BATISTA MARLENE MAYLIN',6,'POSTGRADO EN DOCENCIA SUPERIOR','','','','','no',''),
 ('07-0702-01589','VASQUEZ ANABEL',6,'POSTGRADO EN DOCENCIA SUPERIOR','','','','','no',''),
 ('07-0702-02408','PEREZ PASTOR PABLO',6,'POSTGRADO EN DOCENCIA SUPERIOR','','','','','no',''),
 ('08-0767-01185','PEREZ ANA',6,'POSTGRADO EN DOCENCIA SUPERIOR','','','','','no',''),
 ('08-0795-02047','VARGAS GISSELLE',6,'POSTGRADO EN DOCENCIA SUPERIOR','','','','','no',''),
 ('09-0701-01807','SOLIS BOHEN',6,'POSTGRADO EN DOCENCIA SUPERIOR','','','','','no',''),
 ('04-0260-00023','ESTRIBI MAYININ',6,'PROF.EDUC.MEDIA Y PREMED.CIEN.','','','','','no',''),
 ('04-0262-00067','GUERRA TIMOTEO',6,'PROF.EDUC.MEDIA Y PREMED.CIEN.','','','','','no',''),
 ('04-0277-00851','GOMEZ MIGUEL ANGEL',6,'PROF.EDUC.MEDIA Y PREMED.CIEN.','','','','','no',''),
 ('04-0727-02095','PÉREZ LELIA',6,'PROF.EDUC.MEDIA Y PREMED.CIEN.','','','','','no',''),
 ('06-0057-02347','BULTRON GRISELDA D.',6,'PROF.EDUC.MEDIA Y PREMED.CIEN.','','','','','no',''),
 ('06-0067-00799','GONZALEZ ANIBAL',6,'PROF.EDUC.MEDIA Y PREMED.CIEN.','','','','','no',''),
 ('06-0703-00970','VILLARREAL LINETH',6,'PROF.EDUC.MEDIA Y PREMED.CIEN.','','','','','no',''),
 ('06-0704-00480','VAZQUEZ CARLOS A.',6,'PROF.EDUC.MEDIA Y PREMED.CIEN.','','','','','no',''),
 ('06-0707-00490','PÉREZ RITA',6,'PROF.EDUC.MEDIA Y PREMED.CIEN.','','','','','no',''),
 ('06-0709-01028','MORENO YAZMIN',6,'PROF.EDUC.MEDIA Y PREMED.CIEN.','','','','','no',''),
 ('06-0710-00192','CORRO EDWIN',6,'PROF.EDUC.MEDIA Y PREMED.CIEN.','','','','','no',''),
 ('06-0710-02026','VERGARA ARACELLYS  J.',6,'PROF.EDUC.MEDIA Y PREMED.CIEN.','','','','','no',''),
 ('06-0711-00832','BERNAL MARISELA',6,'PROF.EDUC.MEDIA Y PREMED.CIEN.','','','','','no',''),
 ('06-0712-00764','RODRÍGUEZ ZULEYKA',6,'PROF.EDUC.MEDIA Y PREMED.CIEN.','','','','','no',''),
 ('06-0712-01115','MORENO MARÍA',6,'PROF.EDUC.MEDIA Y PREMED.CIEN.','','','','','no',''),
 ('07-0107-00229','HERNANDEZ ELIDETH',6,'PROF.EDUC.MEDIA Y PREMED.CIEN.','','','','','no',''),
 ('07-0701-02070','MENDIETA ANAYKA MILENA',6,'PROF.EDUC.MEDIA Y PREMED.CIEN.','','','','','no',''),
 ('07-0701-02415','ESPINO BETY',6,'PROF.EDUC.MEDIA Y PREMED.CIEN.','','','','','no',''),
 ('07-0703-00197','FUENTES MARIA DE LOS M.',6,'PROF.EDUC.MEDIA Y PREMED.CIEN.','','','','','no',''),
 ('07-0705-00480','SERRANO FRANCISCO',6,'PROF.EDUC.MEDIA Y PREMED.CIEN.','','','','','no',''),
 ('07-0705-01808','PERALTA CIGARRUISTA JUAN CARLOS',6,'PROF.EDUC.MEDIA Y PREMED.CIEN.','','','','','no',''),
 ('08-0759-01038','CORTES LIBRADA',6,'PROF.EDUC.MEDIA Y PREMED.CIEN.','','','','','no',''),
 ('06-0714-00782','GUTIERREZ MARINA',1,'INGENIERIA CIVIL','','','','','no',''),
 ('06-0714-01517','POVEDA CARLOS',1,'INGENIERIA CIVIL','','','','','no',''),
 ('06-0715-00566','CASTILLO ANGELO',1,'INGENIERIA CIVIL','','','','','no',''),
 ('06-0715-00611','BERNAL JULIO',1,'INGENIERIA CIVIL','','','','','no',''),
 ('06-0715-00991','COHEN ROBERTO',1,'INGENIERIA CIVIL','','','','','no',''),
 ('06-0715-01007','PEREZ KARLA',1,'INGENIERIA CIVIL','','','','','no',''),
 ('06-0715-01257','ABREGO ALEXANDER',1,'INGENIERIA CIVIL','','','','','no',''),
 ('06-0715-01311','NAVARRO ALAN',1,'INGENIERIA CIVIL','','','','','no',''),
 ('06-0715-01367','CASTILLO JOSE',1,'INGENIERIA CIVIL','','','','','no',''),
 ('06-0715-01692','DOMINGUEZ ETSON',1,'INGENIERIA CIVIL','','','','','no',''),
 ('06-0715-01727','HERNANDEZ DARISNEL',1,'INGENIERIA CIVIL','','','','','no',''),
 ('06-0715-02047','QUINTERO ALEX',1,'INGENIERIA CIVIL','','','','','no',''),
 ('06-0715-02078','PEREZ ROLANDO',1,'INGENIERIA CIVIL','','','','','no',''),
 ('06-0715-02092','DIAZ MARIA',1,'INGENIERIA CIVIL','','','','','no',''),
 ('06-0715-02108','BERNAL EDGARDO',1,'INGENIERIA CIVIL','','','','','no',''),
 ('06-0715-02121','GOMEZ EDWARD',1,'INGENIERIA CIVIL','','','','','no',''),
 ('06-0715-02138','QUIROS YINELA',1,'INGENIERIA CIVIL','','','','','no',''),
 ('06-0715-02228','QUINTERO JEAN',1,'INGENIERIA CIVIL','','','','','no',''),
 ('06-0715-02303','OSORIO NELSON',1,'INGENIERIA CIVIL','','','','','no',''),
 ('06-0715-02387','ARCIA LAURA',1,'INGENIERIA CIVIL','','','','','no',''),
 ('06-0715-02487','MENDOZA EDUARDO',1,'INGENIERIA CIVIL','','','','','no',''),
 ('06-0716-00429','PINZON ANDRES',1,'INGENIERIA CIVIL','','','','','no',''),
 ('06-0716-00675','DOMINGUEZ RIGOBERTO',1,'INGENIERIA CIVIL','','','','','no',''),
 ('07-0707-00642','GONZALEZ ANGEL',1,'INGENIERIA CIVIL','','','','','no',''),
 ('07-0707-01484','BATISTA JOSE',1,'INGENIERIA CIVIL','','','','','no',''),
 ('07-0707-01541','BRAVO JOSE',1,'INGENIERIA CIVIL','','','','','no',''),
 ('07-0707-01584','RIVERA ERICK',1,'INGENIERIA CIVIL','','','','','no',''),
 ('07-0707-01778','VILLALAZ DINA',1,'INGENIERIA CIVIL','','','','','no',''),
 ('07-0707-01785','DE FRIAS ITALINA',1,'INGENIERIA CIVIL','','','','','no',''),
 ('07-0707-02067','DIAZ ANA',1,'INGENIERIA CIVIL','','','','','no',''),
 ('07-0707-02172','NAVARRO NAYELIS',1,'INGENIERIA CIVIL','','','','','no',''),
 ('07-0707-02406','NORATO ISAAC',1,'INGENIERIA CIVIL','','','','','no',''),
 ('07-0707-02408','CARDENAS CAMILO',1,'INGENIERIA CIVIL','','','','','no',''),
 ('07-0707-02500','HERRERA YISSELL',1,'INGENIERIA CIVIL','','','','','no',''),
 ('07-0708-00034','AGUILAR MOISES ',1,'INGENIERIA CIVIL','','','','','no',''),
 ('07-0708-00178','MENDIETA FREISA',1,'INGENIERIA CIVIL','','','','','no',''),
 ('07-0708-00225','MONTENEGRO LORENA',1,'INGENIERIA CIVIL','','','','','no',''),
 ('07-0708-00336','VERGARA ELVIS',1,'INGENIERIA CIVIL','','','','','no',''),
 ('07-0708-00346','SAEZ ALEXIS',1,'INGENIERIA CIVIL','','','','','no',''),
 ('07-0708-00571','VERGARA LOURDES',1,'INGENIERIA CIVIL','','','','','no',''),
 ('07-0708-00604','VÁSQUEZ LUIS',1,'INGENIERIA CIVIL','','','','','no',''),
 ('08-0854-01198','YOUNG OMAR',1,'INGENIERIA CIVIL','','','','','no',''),
 ('03-0725-01736','LEINCH RONNY',1,'INGENIERIA CIVIL','','','','','no',''),
 ('06-0713-00107','DIAZ IRVING',1,'INGENIERIA CIVIL','','','','','no',''),
 ('06-0714-00510','BUSTAVINO BRAYANTH',1,'INGENIERIA CIVIL','','','','','no',''),
 ('06-0714-00633','PEREZ JOSE',1,'INGENIERIA CIVIL','','','','','no',''),
 ('06-0714-00985','SAAVEDRA KEVIN',1,'INGENIERIA CIVIL','','','','','no',''),
 ('06-0714-01615','PEREZ YARETMI',1,'INGENIERIA CIVIL','','','','','no',''),
 ('06-0714-01628','GONZALEZ DIMAS',1,'INGENIERIA CIVIL','','','','','no',''),
 ('06-0714-01793','CASAS EDWIN',1,'INGENIERIA CIVIL','','','','','no',''),
 ('06-0714-01803','SOLANO SILENY',1,'INGENIERIA CIVIL','','','','','no',''),
 ('06-0714-01859','DOMINGUEZ XAVIER',1,'INGENIERIA CIVIL','','','','','no',''),
 ('06-0714-02100','MENDOZA MAYLIN',1,'INGENIERIA CIVIL','','','','','no',''),
 ('06-0714-02259','GARCÍA MILAGROS',1,'INGENIERIA CIVIL','','','','','no',''),
 ('06-0714-02315','NIETO CARLOS',1,'INGENIERIA CIVIL','','','','','no',''),
 ('06-0714-02326','SAMUDIO DIEGO',1,'INGENIERIA CIVIL','','','','','no',''),
 ('06-0714-02472','BATISTA GREGORY',1,'INGENIERIA CIVIL','','','','','no',''),
 ('06-0715-00224','APARICIO KEVIN',1,'INGENIERIA CIVIL','','','','','no',''),
 ('06-0715-00605','VALDES ANTONIO',1,'INGENIERIA CIVIL','','','','','no',''),
 ('06-0715-01739','MONTERREY KEYRA',1,'INGENIERIA CIVIL','','','','','no',''),
 ('07-0706-01748','OSORIO PATRICIA',1,'INGENIERIA CIVIL','','','','','no',''),
 ('07-0706-02372','CASTILLO PEDRO',1,'INGENIERIA CIVIL','','','','','no',''),
 ('07-0706-02397','DOMINGUEZ CARLOS',1,'INGENIERIA CIVIL','','','','','no',''),
 ('07-0707-00051','BERNAL ELIECER',1,'INGENIERIA CIVIL','','','','','no',''),
 ('07-0707-00444','MUÑOZ EDWIN',1,'INGENIERIA CIVIL','','','','','no',''),
 ('07-0707-00502','OBERTO EDUARDO',1,'INGENIERIA CIVIL','','','','','no',''),
 ('07-0707-00640','VELASQUEZ EURIS',1,'INGENIERIA CIVIL','','','','','no',''),
 ('07-0707-00747','BRAVO RAFAEL',1,'INGENIERIA CIVIL','','','','','no',''),
 ('07-0707-00763','RODRIGUEZ BERNARDO',1,'INGENIERIA CIVIL','','','','','no',''),
 ('07-0707-00838','RODRIGUEZ RAMIRO',1,'INGENIERIA CIVIL','','','','','no',''),
 ('07-0707-00972','DIAZ DAVID',1,'INGENIERIA CIVIL','','','','','no',''),
 ('07-0707-00984','VILLARREAL LEYDI',1,'INGENIERIA CIVIL','','','','','no',''),
 ('07-0707-00997','BARAHONA KATERINE',1,'INGENIERIA CIVIL','','','','','no',''),
 ('07-0707-01110','MEDINA MIGUEL',1,'INGENIERIA CIVIL','','','','','no',''),
 ('07-0707-01311','MEDINA NOEL',1,'INGENIERIA CIVIL','','','','','no',''),
 ('07-0707-01576','LOPEZ KIRIAN',1,'INGENIERIA CIVIL','','','','','no',''),
 ('08-0845-00714','GORDON JUAN',1,'INGENIERIA CIVIL','','','','','no',''),
 ('08-0845-01917','MENDOZA VALERIA',1,'INGENIERIA CIVIL','','','','','no',''),
 ('09-0734-01661','AGUILAR ABDIEL',1,'INGENIERIA CIVIL','','','','','no',''),
 ('PE-0013-01184','FALLAS RAY',1,'INGENIERIA CIVIL','','','','','no',''),
 ('02-0724-00986','VALDES NATHALY',1,'INGENIERIA CIVIL','','','','','no',''),
 ('06-0712-01786','CASTRO ARGENIS',1,'INGENIERIA CIVIL','','','','','no',''),
 ('06-0713-00734','BATISTA CECILIA',1,'INGENIERIA CIVIL','','','','','no',''),
 ('06-0713-01392','GONZALEZ DIMAS',1,'INGENIERIA CIVIL','','','','','no',''),
 ('06-0713-01437','VILLARREAL ERIC',1,'INGENIERIA CIVIL','','','','','no',''),
 ('06-0713-01624','DEAGO JOSE',1,'INGENIERIA CIVIL','','','','','no',''),
 ('06-0713-01645','BATISTA EDISON',1,'INGENIERIA CIVIL','','','','','no',''),
 ('06-0713-01980','QUINTERO IVAN',1,'INGENIERIA CIVIL','','','','','no',''),
 ('06-0713-02086','VERGARA MARCIAL',1,'INGENIERIA CIVIL','','','','','no',''),
 ('06-0713-02165','ARENAS JAVIER',1,'INGENIERIA CIVIL','','','','','no',''),
 ('06-0713-02172','BALOY ANGEL',1,'INGENIERIA CIVIL','','','','','no',''),
 ('06-0713-02232','CARVAJAL MANUEL',1,'INGENIERIA CIVIL','','','','','no',''),
 ('06-0713-02311','SANCHEZ MARISOL',1,'INGENIERIA CIVIL','','','','','no',''),
 ('06-0714-00317','DEAGO NODIER',1,'INGENIERIA CIVIL','','','','','no',''),
 ('06-0714-00485','DE GRACIA DARIAGNE',1,'INGENIERIA CIVIL','','','','','no',''),
 ('06-0714-00581','BARBA ROLANDO',1,'INGENIERIA CIVIL','','','','','no',''),
 ('06-0714-01633','FUENTES YENNIFER',1,'INGENIERIA CIVIL','','','','','no',''),
 ('07-0705-02383','VEGA GUILLERMO',1,'INGENIERIA CIVIL','','','','','no',''),
 ('07-0706-00424','RODRIGUEZ VERONICA',1,'INGENIERIA CIVIL','','','','','no',''),
 ('07-0706-00437','CABALLERO MITZA',1,'INGENIERIA CIVIL','','','','','no',''),
 ('07-0706-01657','DURAN MARIA',1,'INGENIERIA CIVIL','','','','','no',''),
 ('07-0706-01764','GONZALEZ LIBRADA',1,'INGENIERIA CIVIL','','','','','no',''),
 ('07-0706-01913','MORENO DANIEL',1,'INGENIERIA CIVIL','','','','','no',''),
 ('07-0706-01985','HERRERA ANGEL',1,'INGENIERIA CIVIL','','','','','no',''),
 ('07-0706-01995','DIAZ EDUARDO',1,'INGENIERIA CIVIL','','','','','no',''),
 ('07-0706-02205','GUTIERREZ ITALIA',1,'INGENIERIA CIVIL','','','','','no',''),
 ('07-0706-02301','ALONSO F. JAHAZIEL J.',1,'INGENIERIA CIVIL','','','','','no',''),
 ('07-0707-00004','BATISTA DIDIO',1,'INGENIERIA CIVIL','','','','','no',''),
 ('07-0707-00287','RODRIGUEZ RODERICK',1,'INGENIERIA CIVIL','','','','','no',''),
 ('07-0707-00509','BRANDAO LOURDES',1,'INGENIERIA CIVIL','','','','','no',''),
 ('08-0826-01775','OSORIO DIONEL',1,'INGENIERIA CIVIL','','','','','no',''),
 ('08-0827-01547','TELLO JOSSYBETH',1,'INGENIERIA CIVIL','','','','','no',''),
 ('PE-0011-01989','BANISTA JAVIER',1,'INGENIERIA CIVIL','','','','','no',''),
 ('07-0706-00844','RODRIGUEZ CARLOS',1,'INGENIERIA CIVIL','','','','','no',''),
 ('06-0710-02379','CASTILLO VIRGINIA',1,'LIC. EN ING.MARITIMA PORTUARIA','','','','','no','0863'),
 ('06-0714-00866','OCAMPO NESTOR',1,'LIC. EN ING.MARITIMA PORTUARIA','','','','','no',''),
 ('06-0715-01149','BURGOS MICHELLE',1,'LIC. EN ING.MARITIMA PORTUARIA','','','','','no',''),
 ('06-0715-02252','MORENO MARVIN',1,'LIC. EN ING.MARITIMA PORTUARIA','','','','','no',''),
 ('07-0707-00428','ITURRALDE LILIBETH',1,'LIC. EN ING.MARITIMA PORTUARIA','','','','','no',''),
 ('07-0707-01263','CASTILLO IRUMIS ',1,'LIC. EN ING.MARITIMA PORTUARIA','','','','','no',''),
 ('07-0707-01676','BARRIOS ERICSSON',1,'LIC. EN ING.MARITIMA PORTUARIA','','','','','no',''),
 ('07-0707-02068','VEGA ARGENIS',1,'LIC. EN ING.MARITIMA PORTUARIA','','','','','no',''),
 ('07-0707-02126','SANCHEZ DENIA',1,'LIC. EN ING.MARITIMA PORTUARIA','','','','','no',''),
 ('08-0850-01178','DONADO JEAN',1,'LIC. EN ING.MARITIMA PORTUARIA','','','','','no',''),
 ('08-0858-00774','SAEZ JULIETA',1,'LIC. EN ING.MARITIMA PORTUARIA','','','','','no',''),
 ('06-0714-00979','ESPINO RICARDO',1,'LIC. EN ING.MARITIMA PORTUARIA','','','','','no',''),
 ('06-0714-01199','VERGARA RAUL',1,'LIC. EN ING.MARITIMA PORTUARIA','','','','','no',''),
 ('06-0715-00578','OSORIO MARILU',1,'LIC. EN ING.MARITIMA PORTUARIA','','','','','no',''),
 ('07-0707-00145','GONZALEZ EDWARD',1,'LIC. EN ING.MARITIMA PORTUARIA','','','','','no',''),
 ('07-0707-00787','GIRÓN GABRIEL',1,'LIC. EN ING.MARITIMA PORTUARIA','','','','','no',''),
 ('07-0707-00804','CEDEÑO YENIFER',1,'LIC. EN ING.MARITIMA PORTUARIA','','','','','no',''),
 ('08-0845-00713','GORDON JUAN',1,'LIC. EN ING.MARITIMA PORTUARIA','','','','','no',''),
 ('06-0712-01975','CENTELLA MARIA',1,'LIC. EN SANEAMIENTO Y AMBIENTE','','','','','no',''),
 ('06-0715-01319','CUBILLA JESSICA',1,'LIC. EN SANEAMIENTO Y AMBIENTE','','','','','no',''),
 ('06-0715-01529','FONG MARY',1,'LIC. EN SANEAMIENTO Y AMBIENTE','','','','','no',''),
 ('07-0707-00199','DIAZ EDWUARD',1,'LIC. EN SANEAMIENTO Y AMBIENTE','','','','','no',''),
 ('07-0707-01104','BARRIOS GLORIA',1,'LIC. EN SANEAMIENTO Y AMBIENTE','','','','','no',''),
 ('07-0707-01478','CHAVEZ IRENE',1,'LIC. EN SANEAMIENTO Y AMBIENTE','','','','','no',''),
 ('09-0735-00934','MORALES YOLIBETH',1,'LIC. EN SANEAMIENTO Y AMBIENTE','','','','','no',''),
 ('06-0702-01078','QUINTERO ALEJANDRO',1,'LIC. EN SANEAMIENTO Y AMBIENTE','','','','','no',''),
 ('06-0712-01976','BARRIA FREDY',1,'LIC. EN SANEAMIENTO Y AMBIENTE','','','','','no',''),
 ('06-0714-00102','CASTILLO LISSETH',1,'LIC. EN SANEAMIENTO Y AMBIENTE','','','','','no',''),
 ('06-0715-00197','CEDEÑO ROGELIO',1,'LIC. EN SANEAMIENTO Y AMBIENTE','','','','','no',''),
 ('06-0716-01947','VALDES VERONICA',1,'LIC. EN SANEAMIENTO Y AMBIENTE','','','','','no',''),
 ('07-0707-00805','GARCIA GRACE',1,'LIC. EN SANEAMIENTO Y AMBIENTE','','','','','no',''),
 ('07-0707-01334','DUCREUX EDUARDO',1,'LIC. EN SANEAMIENTO Y AMBIENTE','','','','','no',''),
 ('07-0707-01442','DIAZ DENISBELL',1,'LIC. EN SANEAMIENTO Y AMBIENTE','','','','','no',''),
 ('06-0713-02125','SÁEZ ISAAC',1,'LIC. ING. AMBIENTAL','','','','','no',''),
 ('06-0714-00720','VILLARREAL MARIANGELA',1,'LIC. ING. AMBIENTAL','','','','','no',''),
 ('06-0714-02246','PEREZ ANDY',1,'LIC. ING. AMBIENTAL','','','','','no',''),
 ('06-0715-00931','RAMOS STACY',1,'LIC. ING. AMBIENTAL','','','','','no',''),
 ('06-0715-01054','CASTILLO VERONICA',1,'LIC. ING. AMBIENTAL','','','','','no',''),
 ('06-0716-00202','HENRIQUEZ IRENE',1,'LIC. ING. AMBIENTAL','','','','','no',''),
 ('07-0707-01466','RIVERA SUSANA',1,'LIC. ING. AMBIENTAL','','','','','no',''),
 ('07-0707-01657','CARRASCO  RUBIELA',1,'LIC. ING. AMBIENTAL','','','','','no',''),
 ('07-0707-01995','BARRIOS MELISSA',1,'LIC. ING. AMBIENTAL','','','','','no',''),
 ('07-0707-02366','TRILLO MILAGROS',1,'LIC. ING. AMBIENTAL','','','','','no',''),
 ('07-0708-00360','NAVARRO DANELIS',1,'LIC. ING. AMBIENTAL','','','','','no',''),
 ('07-0708-00378','OSORIO ANAYS',1,'LIC. ING. AMBIENTAL','','','','','no',''),
 ('06-0708-01489','PEREZ MANUEL',1,'LIC. ING. AMBIENTAL','','','','','no',''),
 ('06-0714-01414','BARRERA ADILIZ',1,'LIC. ING. AMBIENTAL','','','','','no',''),
 ('06-0714-02040','BAULE IDANIA',1,'LIC. ING. AMBIENTAL','','','','','no',''),
 ('07-0706-01756','JAEN MIGUEL',1,'LIC. ING. AMBIENTAL','','','','','no',''),
 ('07-0706-01801','MEDINA ENILDA',1,'LIC. ING. AMBIENTAL','','','','','no',''),
 ('06-0701-01386','RODRIGUEZ ROGER ALBERTO',1,'LICENCIATURA EN EDIFICACIONES','','','','','no',''),
 ('06-0701-01474','BOCANEGRA LEANDRO A.',1,'LICENCIATURA EN EDIFICACIONES','','','','','no',''),
 ('06-0701-02089','GARCIA ORLANDO',1,'LICENCIATURA EN EDIFICACIONES','','','','','no',''),
 ('06-0703-02410','SAMANIEGO YOEL A.',1,'LICENCIATURA EN EDIFICACIONES','','','','','no',''),
 ('06-0705-00441','PEREZ RAMON',1,'LICENCIATURA EN EDIFICACIONES','','','','','no',''),
 ('06-0708-01202','MARIN WILLIAN',1,'LICENCIATURA EN EDIFICACIONES','','','','','no',''),
 ('06-0709-00256','GONZALEZ CLARISSA  Y.',1,'LICENCIATURA EN EDIFICACIONES','','','','','no',''),
 ('06-0710-01155','BARRAGAN ROLANDO',1,'LICENCIATURA EN EDIFICACIONES','','','','','no',''),
 ('06-0711-01604','BULTRON BARBA YAJAIRA ISABEL',1,'LICENCIATURA EN EDIFICACIONES','','','','','no',''),
 ('07-0708-00176','OBERTO JOSE',3,'','','','','','no',''),
 ('06-0712-00753','MUDARRA RODRIGO',1,'LICENCIATURA EN EDIFICACIONES','','','','','no',''),
 ('06-0712-01692','PEREZ ANTHONY',1,'LICENCIATURA EN EDIFICACIONES','','','','','no',''),
 ('06-0712-01906','GALVEZ KISSY',1,'LICENCIATURA EN EDIFICACIONES','','','','','no',''),
 ('06-0713-00497','THACHAR YAURISSEL',1,'LICENCIATURA EN EDIFICACIONES','','','','','no',''),
 ('06-0713-01712','DIAZ JOSE',1,'LICENCIATURA EN EDIFICACIONES','','','','','no',''),
 ('06-0713-02161','GONZALEZ ENRIQUE',1,'LICENCIATURA EN EDIFICACIONES','','','','','no',''),
 ('06-0714-00045','CORRO CESAR',1,'LICENCIATURA EN EDIFICACIONES','','','','','no',''),
 ('06-0714-01214','MONTERREY RAYNELL',1,'LICENCIATURA EN EDIFICACIONES','','','','','no',''),
 ('06-0714-02130','DIAZ JOSE',1,'LICENCIATURA EN EDIFICACIONES','','','','','no',''),
 ('06-0714-02288','FLORES DAVID',1,'LICENCIATURA EN EDIFICACIONES','','','','','no',''),
 ('06-0715-00693','CORRALES MARVIN',1,'LICENCIATURA EN EDIFICACIONES','','','','','no',''),
 ('06-0715-00846','MORALES DIURKELYS',1,'LICENCIATURA EN EDIFICACIONES','','','','','no',''),
 ('06-0715-00873','CENTELLA STEPHANIE',1,'LICENCIATURA EN EDIFICACIONES','','','','','no',''),
 ('06-0715-02254','AGRAZAL IRIELKA',1,'LICENCIATURA EN EDIFICACIONES','','','','','no',''),
 ('06-0716-00293','CORTÉS CELIA',1,'LICENCIATURA EN EDIFICACIONES','','','','','no',''),
 ('06-0716-00617','PERALTA MARITZA',1,'LICENCIATURA EN EDIFICACIONES','','','','','no',''),
 ('07-0700-00070','BATISTA A. ALEXANDER D.',1,'LICENCIATURA EN EDIFICACIONES','','','','','no',''),
 ('07-0706-01017','VILLARREAL ELVA',1,'LICENCIATURA EN EDIFICACIONES','','','','','no',''),
 ('07-0707-00570','FRIAS OREL',1,'LICENCIATURA EN EDIFICACIONES','','','','','no',''),
 ('07-0707-01275','VILLARREAL GUILLERMO',1,'LICENCIATURA EN EDIFICACIONES','','','','','no',''),
 ('07-0707-01748','ESCOBAR SANDRA',1,'LICENCIATURA EN EDIFICACIONES','','','','','no',''),
 ('07-0707-01830','JONATHAN DE LEON',1,'LICENCIATURA EN EDIFICACIONES','','','','','no',''),
 ('07-0707-01986','SOLIS ROBERTO',1,'LICENCIATURA EN EDIFICACIONES','','','','','no',''),
 ('07-0707-02092','GONZALEZ CARLOS',1,'LICENCIATURA EN EDIFICACIONES','','','','','no',''),
 ('07-0707-02239','SALDAÑA JOSE',1,'LICENCIATURA EN EDIFICACIONES','','','','','no',''),
 ('07-0707-02455','RODRIGUEZ YESIKA',1,'LICENCIATURA EN EDIFICACIONES','','','','','no',''),
 ('07-0707-02494','RODRIGUEZ IRVING',1,'LICENCIATURA EN EDIFICACIONES','','','','','no',''),
 ('07-0708-00046','FRIAS EDUARDO',1,'LICENCIATURA EN EDIFICACIONES','','','','','no',''),
 ('07-0708-00060','GONZALEZ CARLOS',1,'LICENCIATURA EN EDIFICACIONES','','','','','no',''),
 ('07-0708-00207','LEGUÍSAMO LEIVIS',1,'LICENCIATURA EN EDIFICACIONES','','','','','no',''),
 ('07-0708-00586','GONZALEZ ANABEL',1,'LICENCIATURA EN EDIFICACIONES','','','','','no',''),
 ('08-0785-00037','GUTIERREZ CHAYANNE',1,'LICENCIATURA EN EDIFICACIONES','','','','','no',''),
 ('08-0813-00955','CORREA HECTOR ',1,'LICENCIATURA EN EDIFICACIONES','','','','','no',''),
 ('08-0857-02237','PERALTA DARILYS',1,'LICENCIATURA EN EDIFICACIONES','','','','','no',''),
 ('01-0712-01834','ALMENDRA YUDYS',1,'LICENCIATURA EN EDIFICACIONES','','','','','no',''),
 ('06-0076-00542','PINZON MILAGRO',1,'LICENCIATURA EN EDIFICACIONES','','','','','no',''),
 ('06-0703-00004','TORRES ENRIQUE ELIECER',1,'LICENCIATURA EN EDIFICACIONES','','','','','no',''),
 ('06-0706-01925','RIVERA DONAL DAMIAN',1,'LICENCIATURA EN EDIFICACIONES','','','','','no',''),
 ('06-0708-00960','VILLARREAL JOSE',1,'LICENCIATURA EN EDIFICACIONES','','','','','no',''),
 ('06-0712-00624','BENALCAZAR YAJAIRA DEL C',1,'LICENCIATURA EN EDIFICACIONES','','','','','no',''),
 ('06-0712-02130','DIAZ WALTER',1,'LICENCIATURA EN EDIFICACIONES','','','','','no',''),
 ('06-0713-01361','CALLES PORFIRIO',1,'LICENCIATURA EN EDIFICACIONES','','','','','no',''),
 ('06-0713-01822','GONZALEZ YURIEL',1,'LICENCIATURA EN EDIFICACIONES','','','','','no',''),
 ('06-0714-01524','RIOS YARISA',1,'LICENCIATURA EN EDIFICACIONES','','','','','no',''),
 ('06-0714-01990','PERALTA SURAVIS',1,'LICENCIATURA EN EDIFICACIONES','','','','','no',''),
 ('06-0715-00266','RIOS JULIXZA',1,'LICENCIATURA EN EDIFICACIONES','','','','','no',''),
 ('07-0706-01600','HENRIQUEZ OSVALDO',1,'LICENCIATURA EN EDIFICACIONES','','','','','no',''),
 ('07-0707-00658','RODRIGUEZ RICARDO',1,'LICENCIATURA EN EDIFICACIONES','','','','','no',''),
 ('07-0707-01105','SAAVEDRA MANUEL',1,'LICENCIATURA EN EDIFICACIONES','','','','','no',''),
 ('08-0837-02208','VARGAS LUIS',1,'LICENCIATURA EN EDIFICACIONES','','','','','no',''),
 ('09-0720-01992','MELGAR LUIS',1,'LICENCIATURA EN EDIFICACIONES','','','','','no',''),
 ('02-0715-01212','ORTIZ CASTILLO OSCAR ORLANDO',1,'LICENCIATURA EN EDIFICACIONES','','','','','no',''),
 ('06-0702-01958','GOMEZ MINERVA',1,'LICENCIATURA EN EDIFICACIONES','','','','','no',''),
 ('06-0706-01779','BARBA ALEXIS',1,'LICENCIATURA EN EDIFICACIONES','','','','','no',''),
 ('06-0707-01507','MORENO MORENO EDGARDO XAVIER',1,'LICENCIATURA EN EDIFICACIONES','','','','','no',''),
 ('06-0708-01975','BULTRÓN FREDERICK',1,'LICENCIATURA EN EDIFICACIONES','','','','','no',''),
 ('06-0708-02295','BENALCAZARXAVIER',1,'LICENCIATURA EN EDIFICACIONES','','','','','no',''),
 ('06-0712-02162','DÍAZ NORIS',1,'LICENCIATURA EN EDIFICACIONES','','','','','no',''),
 ('06-0713-00320','DOMINGUEZ CELIO',1,'LICENCIATURA EN EDIFICACIONES','','','','','no',''),
 ('06-0714-00278','CASAS JOSE',1,'LICENCIATURA EN EDIFICACIONES','','','','','no',''),
 ('07-0104-00904','CORRO YADIRA',1,'LICENCIATURA EN EDIFICACIONES','','','','','no',''),
 ('07-0117-00370','PALMA ROLANDO',1,'LICENCIATURA EN EDIFICACIONES','','','','','no',''),
 ('07-0701-00012','CORDOBA CESAR',1,'LICENCIATURA EN EDIFICACIONES','','','','','no',''),
 ('07-0706-02419','FRIAS CRISTIAMS',1,'LICENCIATURA EN EDIFICACIONES','','','','','no',''),
 ('07-0707-00841','DOMINGUEZ LISSEIKA',1,'LICENCIATURA EN EDIFICACIONES','','','','','no',''),
 ('06-0059-00265','QUINTERO KELY KEYOSHY',1,'LICENCIATURA EN EDIFICACIONES','','','','','no',''),
 ('06-0703-01758','MONTILLA HEIDI',1,'LICENCIATURA EN EDIFICACIONES','','','','','no',''),
 ('06-0707-00641','ORTEGA DAVID',1,'LICENCIATURA EN EDIFICACIONES','','','','','no',''),
 ('06-0707-01190','CAMPOS LARIZA I.',1,'LICENCIATURA EN EDIFICACIONES','','','','','no',''),
 ('07-0107-00903','GUTIERREZ NESTOR',1,'LICENCIATURA EN EDIFICACIONES','','','','','no',''),
 ('07-0115-00609','DELGADO JOSE',1,'LICENCIATURA EN EDIFICACIONES','','','','','no',''),
 ('07-0706-00444','VELASQUEZ AMILCAR',1,'LICENCIATURA EN EDIFICACIONES','','','','','no',''),
 ('07-0706-01165','VASQUEZ OSIRIS',1,'LICENCIATURA EN EDIFICACIONES','','','','','no',''),
 ('07-0706-01197','PEREZ ROXIRIS',1,'LICENCIATURA EN EDIFICACIONES','','','','','no',''),
 ('08-0816-01937','VILLALAZ YOEL',1,'LICENCIATURA EN EDIFICACIONES','','','','','no',''),
 ('08-0826-02223','BERNAL YESSIRETH',1,'LICENCIATURA EN EDIFICACIONES','','','','','no',''),
 ('09-0725-00793','RODRÍGUEZ RODRÍGUEZ ERICK HORACIO',1,'LICENCIATURA EN EDIFICACIONES','','','','','no',''),
 ('04-0254-00586','GUTIERREZ CARLOS CESAR',1,'LICENCIATURA EN TOPOGRAFIA','','','','','no',''),
 ('06-0701-01965','VILLARREAL GERMAN',1,'LICENCIATURA EN TOPOGRAFIA','','','','','no',''),
 ('06-0704-01527','BURGOS GARCÌA JOEL W.',1,'LICENCIATURA EN TOPOGRAFIA','','','','','no',''),
 ('06-0708-00824','RODRIGUEZ ABDIEL',1,'LICENCIATURA EN TOPOGRAFIA','','','','','no',''),
 ('06-0712-00031','DEGRACIA DAVID',1,'LICENCIATURA EN TOPOGRAFIA','','','','','no',''),
 ('06-0714-01237','GUERRERO JUAN',1,'LICENCIATURA EN TOPOGRAFIA','','','','','no',''),
 ('06-0714-02485','ARMIJO LUIS',1,'LICENCIATURA EN TOPOGRAFIA','','','','','no',''),
 ('07-0707-01578','BARRIOS MARLEIN',1,'LICENCIATURA EN TOPOGRAFIA','','','','','no',''),
 ('08-0466-00032','VARGAS RICARDO',1,'LICENCIATURA EN TOPOGRAFIA','','','','','no',''),
 ('08-0841-00878','MUÑOZ ANDRES',1,'LICENCIATURA EN TOPOGRAFIA','','','','','no',''),
 ('20-0014-01796','GOMEZ FABIO',1,'LICENCIATURA EN TOPOGRAFIA','','','','','no',''),
 ('06-0714-00714','ORTEGA  RICARDO',1,'LICENCIATURA EN TOPOGRAFIA','','','','','no',''),
 ('06-0714-00882','CANTO CELIBETH',1,'LICENCIATURA EN TOPOGRAFIA','','','','','no',''),
 ('06-0714-01740','DE LORA ITZEL',1,'LICENCIATURA EN TOPOGRAFIA','','','','','no',''),
 ('06-0715-00232','AROSEMENA SUSANA',1,'LICENCIATURA EN TOPOGRAFIA','','','','','no',''),
 ('07-0705-01637','RIVERA LAURA',1,'LICENCIATURA EN TOPOGRAFIA','','','','','no',''),
 ('07-0707-00807','VERGARA ADELINA',1,'LICENCIATURA EN TOPOGRAFIA','','','','','no',''),
 ('07-0707-01269','BARRIOS JUAN',1,'LICENCIATURA EN TOPOGRAFIA','','','','','no',''),
 ('PE-0012-00965','GUTIERREZ PEÑALOZA RICARDO',1,'LICENCIATURA EN TOPOGRAFIA','','','','','no',''),
 ('08-0752-00396','LARA EDGAR ARIEL',1,'TECNICO EN TOPOGRAFIA','','','','','no',''),
 ('08-0230-02289','BRIONES JOSE',1,'TECNICO EN TOPOGRAFIA','','','','','no',''),
 ('06-0700-00026','BRAVO ABEL ALBERTO',1,'TECNICO EN TOPOGRAFIA','','','','','no',''),
 ('06-0712-00705','Alejandra ',2,'Telecom','996-1011','Chitré','jennipher_2029@hotmail.com','7IT121','no',''),
 ('07-0707-00822','CEDEÑO MASSIEL',2,'ING. ELECTRICA Y ELECTRONICA','','','','','no','0444'),
 ('04-0753-00909','CABRE JAIME',2,'INGENIERIA ELECTROMECANICA','','','','','no','0368'),
 ('06-0714-00020','PERALTA FATIMA',2,'INGENIERIA ELECTROMECANICA','','','','','no','0389'),
 ('06-0715-00329','PEREZ JAIME',2,'INGENIERIA ELECTROMECANICA','','','','','no','0398'),
 ('06-0715-00892','LOPEZ ANA',2,'INGENIERIA ELECTROMECANICA','','','','','no','0366'),
 ('06-0715-00951','PINTO EUGENIO',2,'INGENIERIA ELECTROMECANICA','','','','','no','0528'),
 ('06-0715-01300','GARRIDO JULIO',2,'INGENIERIA ELECTROMECANICA','','','','','no','0882'),
 ('06-0715-01438','NORIEGA VICENTE',2,'INGENIERIA ELECTROMECANICA','','','','','no','0388'),
 ('06-0715-01476','GUERRA LILIANA',2,'INGENIERIA ELECTROMECANICA','','','','','no','0629'),
 ('06-0715-01594','PEREA CATHERINE',2,'INGENIERIA ELECTROMECANICA','','','','','no','0381'),
 ('06-0715-01671','NUÑEZ IO',2,'INGENIERIA ELECTROMECANICA','','','','','no','0500'),
 ('06-0715-01757','DE GRACIA ALBY',2,'INGENIERIA ELECTROMECANICA','','','','','no','0356'),
 ('06-0715-01917','SAMANIEGO VANESSA',2,'INGENIERIA ELECTROMECANICA','','','','','no','0626'),
 ('06-0716-00250','OCHOA ALVIN',2,'INGENIERIA ELECTROMECANICA','','','','','no','0644'),
 ('07-0707-01572','VERGARA VICTOR',2,'INGENIERIA ELECTROMECANICA','','','','','no','0881'),
 ('07-0707-01783','VILLARREAL AYLEEN',2,'INGENIERIA ELECTROMECANICA','','','','','no','0615'),
 ('07-0707-01871','PINZON DANIEL',2,'INGENIERIA ELECTROMECANICA','','','','','no','0396'),
 ('07-0707-02285','JAEN DOMINGO',2,'INGENIERIA ELECTROMECANICA','','','','','no','0883'),
 ('07-0707-02482','ANGULO DILSA',2,'INGENIERIA ELECTROMECANICA','','','','','si','0861'),
 ('07-0708-00153','ESPINOSA ERIKA',2,'INGENIERIA ELECTROMECANICA','','','','','no','0614'),
 ('07-0708-00278','PERALTA PATRICIA',2,'INGENIERIA ELECTROMECANICA','','','','','no','0860'),
 ('07-0708-00384','CASTRO WILLIAMS',2,'INGENIERIA ELECTROMECANICA','','','','','no','0357'),
 ('07-0708-00387','GONZÁLEZ STEPHANIE',2,'INGENIERIA ELECTROMECANICA','','','','','no','0397'),
 ('08-0847-02304','CASTILLO ROBERTO',2,'INGENIERIA ELECTROMECANICA','','','','','no','0359'),
 ('08-0848-01246','PERALTA ALEXIS',2,'INGENIERIA ELECTROMECANICA','','','','','no','0605'),
 ('08-0857-01944','GONZALEZ MANUEL',2,'INGENIERIA ELECTROMECANICA','','','','','no',''),
 ('09-0736-02495','CONCEPCIÓN ALEX',2,'INGENIERIA ELECTROMECANICA','','','','','no','0873'),
 ('01-0723-02426','TROTTMAN YORLENI',2,'INGENIERIA ELECTROMECANICA','','','','','no',' 0223'),
 ('06-0713-01808','BULTRON DIXON ',2,'INGENIERIA ELECTROMECANICA','','','','','no','0947'),
 ('06-0714-00007','CASTILLO MICHAEL',2,'INGENIERIA ELECTROMECANICA','','','','','no','0178'),
 ('06-0714-00163','BARRAGAN CARLOS',2,'INGENIERIA ELECTROMECANICA','','','','','no',''),
 ('06-0714-01065','DURLING HENRY',2,'INGENIERIA ELECTROMECANICA','','','','','no',''),
 ('06-0714-01223','OJO ROSA',2,'INGENIERIA ELECTROMECANICA','','','','','no','0488'),
 ('06-0714-01333','DOMINGUEZ DARISSA',2,'INGENIERIA ELECTROMECANICA','','','','','no','0181'),
 ('06-0714-01341','GONZALEZ JOSUE',2,'INGENIERIA ELECTROMECANICA','','','','','no','0102'),
 ('06-0714-01529','CASTILLO MAXWELL',2,'INGENIERIA ELECTROMECANICA','','','','','no',''),
 ('06-0714-01552','CRUZ JOSE',2,'INGENIERIA ELECTROMECANICA','','','','','no','0199'),
 ('06-0714-01553','GARCIA JORGE',2,'INGENIERIA ELECTROMECANICA','','','','','no','0866'),
 ('06-0714-01796','BARRIA YISSEL',2,'INGENIERIA ELECTROMECANICA','','','','','no',''),
 ('06-0714-02281','ORDOÑEZ YAHIR',2,'INGENIERIA ELECTROMECANICA','','','','','no','0453'),
 ('06-0714-02417','GARCIA MAX',2,'INGENIERIA ELECTROMECANICA','','','','','no',''),
 ('06-0715-00261','CORTEZ JASON',2,'INGENIERIA ELECTROMECANICA','','','','','no',''),
 ('06-0715-00440','OSORIO EDGARDO',2,'INGENIERIA ELECTROMECANICA','','','','','no','0176'),
 ('07-0705-01811','MENDIETA ANGEL',2,'INGENIERIA ELECTROMECANICA','','','','','no','0434'),
 ('07-0706-02438','ALONSO JUAN',2,'INGENIERIA ELECTROMECANICA','','','','','no',''),
 ('07-0707-00548','URRIOLA MIGUEL',2,'INGENIERIA ELECTROMECANICA','','','','','no',' 0111'),
 ('07-0707-00698','GONZALEZ FERRER',2,'INGENIERIA ELECTROMECANICA','','','','','no','0635'),
 ('07-0707-00703','MARTINEZ VICENTE',2,'INGENIERIA ELECTROMECANICA','','','','','no','0058'),
 ('07-0707-00742','ANTUNEZ ORLANDO',2,'INGENIERIA ELECTROMECANICA','','','','','no','0628'),
 ('07-0707-00798','SERRANO RICARDO',2,'INGENIERIA ELECTROMECANICA','','','','','no','0918'),
 ('07-0707-00839','DELGADO HUMBERTO',2,'INGENIERIA ELECTROMECANICA','','','','','no','0640'),
 ('07-0707-01169','ORTEGA MELVIN',2,'INGENIERIA ELECTROMECANICA','','','','','si','0380'),
 ('07-0707-01177','DE GRACIA RODRIGO',2,'INGENIERIA ELECTROMECANICA','','','','','no','0379'),
 ('07-0707-01678','SALADO LISSETTE',2,'INGENIERIA ELECTROMECANICA','','','','','no','1106'),
 ('07-0707-01721','ORTEGA MAINOR',2,'INGENIERIA ELECTROMECANICA','','','','','no','0112'),
 ('08-0825-02369','ARMUELLES CECIL',2,'INGENIERIA ELECTROMECANICA','','','','','no','0900'),
 ('08-0836-01079','GONZALEZ JUAN',2,'INGENIERIA ELECTROMECANICA','','','','','no',''),
 ('08-0839-02460','VARGAS CATALINO',2,'INGENIERIA ELECTROMECANICA','','','','','no','0636'),
 ('08-0841-00379','LASSO DIEGO',2,'INGENIERIA ELECTROMECANICA','','','','','no',''),
 ('08-0844-01924','CENTELLA ALDAIR',2,'INGENIERIA ELECTROMECANICA','','','','','si','0177'),
 ('06-0713-00052','PEREZ PEDRO',2,'INGENIERIA ELECTROMECANICA','','','','','si','0876'),
 ('06-0713-00203','LOPEZ FELIX',2,'INGENIERIA ELECTROMECANICA','','','','','no','0006'),
 ('06-0713-00852','DEAGO ADRIANO',2,'INGENIERIA ELECTROMECANICA','','','','','no','0612'),
 ('06-0713-02361','MENDIETA CESAR',2,'INGENIERIA ELECTROMECANICA','','','','','no','0613'),
 ('06-0713-02464','VILLARREAL HECTOR',2,'INGENIERIA ELECTROMECANICA','','','','','no',''),
 ('06-0714-00041','DE GRACIA JAIRO',2,'INGENIERIA ELECTROMECANICA','','','','','no',''),
 ('07-0705-02253','SANCHEZ LUIS',2,'INGENIERIA ELECTROMECANICA','','','','','no',''),
 ('07-0706-01034','GONZALEZ RAMIRO',2,'INGENIERIA ELECTROMECANICA','','','','','si','0367'),
 ('07-0706-01184','MUÑOZ EUCLIDES',2,'INGENIERIA ELECTROMECANICA','','','','','no','0428'),
 ('07-0706-01507','GONZALEZ DIDIO',2,'INGENIERIA ELECTROMECANICA','','','','','no',''),
 ('07-0706-01531','BRAVO NELSON',2,'INGENIERIA ELECTROMECANICA','','','','','no','0938'),
 ('07-0706-01716','CASTRO VICTOR',2,'INGENIERIA ELECTROMECANICA','','','','','no','0607'),
 ('07-0706-02192','ARABA YAMILKA',2,'INGENIERIA ELECTROMECANICA','','','','','no','0641'),
 ('07-0707-00029','JIMENEZ JAIME',2,'INGENIERIA ELECTROMECANICA','','','','','no','0196'),
 ('08-0833-01805','CANO JONATHAN',2,'INGENIERIA ELECTROMECANICA','','','','','no','0608'),
 ('02-0722-02452','CORDOBA LUIS',2,'INGENIERIA ELECTROMECANICA','','','','','no',''),
 ('06-0710-02010','BARRIOS GONZÁLEZ JAVIER FRANCISCO',2,'INGENIERIA ELECTROMECANICA','','','','','no',''),
 ('06-0712-01587','OSORIO ILBIN',2,'INGENIERIA ELECTROMECANICA','','','','','si','0611'),
 ('06-0713-00986','PEREZ YAMILETH',2,'INGENIERIA ELECTROMECANICA','','','','','no','0870'),
 ('07-0705-01147','GONZALEZ PERALTA JORGE TULIO',2,'INGENIERIA ELECTROMECANICA','','','','','no',''),
 ('07-0705-02308','GONZALEZ JAVIER',2,'INGENIERIA ELECTROMECANICA','','','','','si','0875'),
 ('08-0813-02124','MIDDLETON AIXA',2,'INGENIERIA ELECTROMECANICA','','','','','si','0874'),
 ('09-0728-00581','HERNÁNDEZ HERNÁNDEZ RICARDO GABRIEL',2,'INGENIERIA ELECTROMECANICA','','','','','no',''),
 ('09-0728-01879','HERNÁNDEZ SANJUR JUVENAL BOLIVAR',2,'INGENIERIA ELECTROMECANICA','','','','','no',''),
 ('08-0373-00564','CARMONA IOANIS M.',2,'LIC. EN ELECT. DIG. CONTR. AUT','','','','','no','0522'),
 ('06-0711-01016','BERNAL WILLIAM',2,'LIC. EN ELECT. DIG. CONTR. AUT','','','','','no','0361'),
 ('07-0703-00775','RUIZ RAFAEL  E.',2,'LIC. EN ELECT. DIG. CONTR. AUT','','','','','no',''),
 ('07-0705-00269','VERGARA JORGE  E.',2,'LIC. EN ELECT. DIG. CONTR. AUT','','','','','no','0477'),
 ('07-0705-01300','CÓRDOBA AGUSTÍN',2,'LIC. EN ELECT. DIG. CONTR. AUT','','','','','no',''),
 ('02-0726-01561','GONZALEZ ISMAEL',2,'LIC. EN ELECTRÓNICA Y SIST.COM','','','','','si','0623'),
 ('06-0708-02405','RUIZ LUIS',2,'LIC. EN ELECTRÓNICA Y SIST.COM','','','','','no',''),
 ('06-0709-00623','VILLALAZ BURGOS  ALEJANDRO ',2,'LIC. EN ELECTRÓNICA Y SIST.COM','','','','','no','0228'),
 ('06-0709-00959','APARICIO RAYMUNDO',2,'LIC. EN ELECTRÓNICA Y SIST.COM','','','','','no',''),
 ('06-0711-02207','VILLARREAL  CABALLERO MANUEL  ANTONIO',2,'LIC. EN ELECTRÓNICA Y SIST.COM','','','','','no','0362'),
 ('06-0712-00910','RODRIGUEZ VICTOR',2,'LIC. EN ELECTRÓNICA Y SIST.COM','','','','','no','0208'),
 ('06-0713-01764','GOMEZ JAVIER',2,'LIC. EN ELECTRÓNICA Y SIST.COM','','','','','no',''),
 ('06-0713-02191','VARGAS EURIS',2,'LIC. EN ELECTRÓNICA Y SIST.COM','','','','','no','0227'),
 ('06-0713-02384','RIQUELME YADIRA',2,'LIC. EN ELECTRÓNICA Y SIST.COM','','','','','no','0631'),
 ('06-0714-00129','ROBLES ERICK',2,'LIC. EN ELECTRÓNICA Y SIST.COM','','','','','no','0624'),
 ('06-0714-01411','GARCIA ROBIN',2,'LIC. EN ELECTRÓNICA Y SIST.COM','','','','','no','0182'),
 ('06-0714-01637','ALMANZA CARLOS',2,'LIC. EN ELECTRÓNICA Y SIST.COM','','','','','si','0213'),
 ('06-0715-00562','GONZALEZ RICHARD',2,'LIC. EN ELECTRÓNICA Y SIST.COM','','','','','si','0212'),
 ('06-0715-00622','BARRERA LUIS',2,'LIC. EN ELECTRÓNICA Y SIST.COM','','','','','si','0495'),
 ('06-0715-00791','RODRÍGUEZ DARLENE',2,'LIC. EN ELECTRÓNICA Y SIST.COM','','','','','no',''),
 ('06-0715-00902','QUINTERO MAYS',2,'LIC. EN ELECTRÓNICA Y SIST.COM','','','','','si','0855'),
 ('06-0715-01026','VILLARREAL BELLIZZIS',2,'LIC. EN ELECTRÓNICA Y SIST.COM','','','','','no',''),
 ('06-0715-01533','PEREZ INGRI',2,'LIC. EN ELECTRÓNICA Y SIST.COM','','','','','no',''),
 ('06-0715-01655','HERRERA ADIS',2,'LIC. EN ELECTRÓNICA Y SIST.COM','','','','','no',''),
 ('06-0715-01734','RODRIGUEZ ANGEL',2,'LIC. EN ELECTRÓNICA Y SIST.COM','','','','','no','0622'),
 ('06-0715-01969','BRAVO MOISES',2,'LIC. EN ELECTRÓNICA Y SIST.COM','','','','','no','0625'),
 ('06-0715-02000','MORA ERICK',2,'LIC. EN ELECTRÓNICA Y SIST.COM','','','','','si','0534'),
 ('06-0715-02147','ARAÚZ CARLOS',2,'LIC. EN ELECTRÓNICA Y SIST.COM','','','','','no',''),
 ('07-0701-00353','VERGARA BEYANIRA CRISTIN',2,'LIC. EN ELECTRÓNICA Y SIST.COM','','','','','no','0913'),
 ('07-0705-00368','JAÉN ELIESER',2,'LIC. EN ELECTRÓNICA Y SIST.COM','','','','','no',''),
 ('07-0706-00568','ESPINOSA  VILLARREAL CESAR  ARNALDO',2,'LIC. EN ELECTRÓNICA Y SIST.COM','','','','','no','0632'),
 ('07-0706-00894','HUERTAS LUIS',2,'LIC. EN ELECTRÓNICA Y SIST.COM','','','','','si','0929'),
 ('07-0707-00297','HERNANDEZ KATHERINE',2,'LIC. EN ELECTRÓNICA Y SIST.COM','','','','','si','0914'),
 ('07-0707-01492','ALONSO FEDERICO',2,'LIC. EN ELECTRÓNICA Y SIST.COM','','','','','no',''),
 ('07-0707-02277','CRUZ JORGE',2,'LIC. EN ELECTRÓNICA Y SIST.COM','','','','','no','0945'),
 ('07-0708-00315','BARAHONA LICIMACO',2,'LIC. EN ELECTRÓNICA Y SIST.COM','','','','','no','0946'),
 ('08-0814-02110','SANCHEZ SALOMON',2,'LIC. EN ELECTRÓNICA Y SIST.COM','','','','','no','0096'),
 ('06-0088-00420','VILLALAZ CARLOS E.',2,'LIC. EN ELECTRÓNICA Y SIST.COM','','','','','no',''),
 ('06-0708-01972','RODRIGUEZ MANUEL',2,'LIC. EN ELECTRÓNICA Y SIST.COM','','','','','no',''),
 ('06-0709-00805','PEREZ GUSTAVO',2,'LIC. EN ELECTRÓNICA Y SIST.COM','','','','','no','0048'),
 ('06-0710-00029','VILLARREAL JULIO E.',2,'LIC. EN ELECTRÓNICA Y SIST.COM','','','','','no',''),
 ('06-0710-01767','SAUCEDO SANTANDER  X.',2,'LIC. EN ELECTRÓNICA Y SIST.COM','','','','','no',''),
 ('06-0711-00988','PERALTA JORGE E.',2,'LIC. EN ELECTRÓNICA Y SIST.COM','','','','','no',''),
 ('06-0711-01117','DOMÍNGUEZ VIRTUINO  A.',2,'LIC. EN ELECTRÓNICA Y SIST.COM','','','','','no',''),
 ('06-0714-01255','PEÑA DAYRA',2,'LIC. EN ELECTRÓNICA Y SIST.COM','','','','','no','0493'),
 ('06-0714-01296','MENDOZA REMIGIO',2,'LIC. EN ELECTRÓNICA Y SIST.COM','','','','','no','0378'),
 ('06-0714-01708','BATISTA ALEXANDER',2,'LIC. EN ELECTRÓNICA Y SIST.COM','','','','','si','0949'),
 ('06-0714-01822','ODA CARMEN',2,'LIC. EN ELECTRÓNICA Y SIST.COM','','','','','no','0492'),
 ('06-0714-01901','SAMANIEGO HECTOR',2,'LIC. EN ELECTRÓNICA Y SIST.COM','','','','','no',''),
 ('06-0714-02033','CEDEÑO MILAGROS',2,'LIC. EN ELECTRÓNICA Y SIST.COM','','','','','no',''),
 ('06-0714-02171','ROMERO CACIANO',2,'LIC. EN ELECTRÓNICA Y SIST.COM','','','','','si','0474'),
 ('06-0714-02255','GARCIA DALYS',2,'LIC. EN ELECTRÓNICA Y SIST.COM','','','','','si','0455'),
 ('06-0715-00019','QUINTERO CRIS',2,'LIC. EN ELECTRÓNICA Y SIST.COM','','','','','no',''),
 ('06-0715-00030','VERGARA JOEL',2,'LIC. EN ELECTRÓNICA Y SIST.COM','','','','','si','0465'),
 ('06-0715-00603','BULTRON ANTONIO',2,'LIC. EN ELECTRÓNICA Y SIST.COM','','','','','no','0435'),
 ('06-0726-00958','OCHOA BOGDAN',2,'LIC. EN ELECTRÓNICA Y SIST.COM','','','','','si','0871'),
 ('07-0093-02772','GONZALEZ ORLANDO',2,'LIC. EN ELECTRÓNICA Y SIST.COM','','','','','no',''),
 ('07-0704-01463','PEREZ  MARCOS',2,'LIC. EN ELECTRÓNICA Y SIST.COM','','','','','no',''),
 ('07-0707-02035','DELGADO MARIA',2,'LIC. EN ELECTRÓNICA Y SIST.COM','','','','','si','0872'),
 ('07-0708-00474','RIVERA  JOHN  K.',2,'LIC. EN ELECTRÓNICA Y SIST.COM','','','','','no','0032'),
 ('08-0714-02450','HENRY ANEL',2,'LIC. EN ELECTRÓNICA Y SIST.COM','','','','','no','0011'),
 ('08-0801-00869','RODRÍGUES BERNAL ANTONY JOSÉ',2,'LIC. EN ELECTRÓNICA Y SIST.COM','','','','','no','0031'),
 ('09-0731-01855','LUCERO JORGE',2,'LIC. EN ELECTRÓNICA Y SIST.COM','','','','','no','0034'),
 ('06-0713-00937','VERGARA ANTONIO',2,'LIC. EN ELECTRÓNICA Y SIST.COM','','','','','no','0452'),
 ('06-0713-01615','IBARRA STEISY',2,'LIC. EN ELECTRÓNICA Y SIST.COM','','','','','no','0650'),
 ('06-0713-01643','RUIZ EDGARDO',2,'LIC. EN ELECTRÓNICA Y SIST.COM','','','','','no',''),
 ('06-0713-02073','SAMANIEGO ABDIEL',2,'LIC. EN ELECTRÓNICA Y SIST.COM','','','','','no','0019'),
 ('07-0706-01740','BANDA DANIEL',2,'LIC. EN ELECTRÓNICA Y SIST.COM','','','','','no',''),
 ('07-0706-02002','ALONSO VERONICA',2,'LIC. EN ELECTRÓNICA Y SIST.COM','','','','','no','0633'),
 ('04-0760-01872','GIRALDO KARLA ',2,'LIC. EN SIST. ELECT. Y AUTOMAT','','','','','no','0618'),
 ('06-0057-01909','CHEN JORGE',2,'LIC. EN SIST. ELECT. Y AUTOMAT','','','','','no','0375'),
 ('06-0059-00004','SOLIS ASLEY',2,'LIC. EN SIST. ELECT. Y AUTOMAT','','','','','no','0890'),
 ('06-0078-00233','CASTILLO NILSON',2,'LIC. EN SIST. ELECT. Y AUTOMAT','','','','','no','1105'),
 ('06-0087-00882','RODRIGUEZ M. ERIC A.',2,'LIC. EN SIST. ELECT. Y AUTOMAT','','','','','no','0886'),
 ('06-0088-00588','TREJOS GUSTAVO',2,'LIC. EN SIST. ELECT. Y AUTOMAT','','','','','no','0892'),
 ('06-0701-01723','MARCIAGA JOSE',2,'LIC. EN SIST. ELECT. Y AUTOMAT','','','','','no',''),
 ('06-0703-01282','LEMOS ATENCIO RICARDO ANTONIO',2,'LIC. EN SIST. ELECT. Y AUTOMAT','','','','','no','0619'),
 ('06-0704-00040','CAMARGO DIEGO',2,'LIC. EN SIST. ELECT. Y AUTOMAT','','','','','no','0648'),
 ('06-0705-01531','CEDEÑO OLEGARIO',2,'LIC. EN SIST. ELECT. Y AUTOMAT','','','','','no','0627'),
 ('06-0707-01054','DE GRACIA DARIO  E.',2,'LIC. EN SIST. ELECT. Y AUTOMAT','','','','','no',''),
 ('06-0708-00487','VILLARREAL JORGE',2,'LIC. EN SIST. ELECT. Y AUTOMAT','','','','','no',''),
 ('06-0709-02374','TELLO RICHARD',2,'LIC. EN SIST. ELECT. Y AUTOMAT','','','','','no','0639'),
 ('06-0710-00507','RODRIGUEZ JOSE',2,'LIC. EN SIST. ELECT. Y AUTOMAT','','','','','no',''),
 ('06-0710-01303','FLORES. JAVIER',2,'LIC. EN SIST. ELECT. Y AUTOMAT','','','','','no','0638'),
 ('06-0710-02367','VEGA  DIAZ GILBERTO ELIAS',2,'LIC. EN SIST. ELECT. Y AUTOMAT','','','','','no',''),
 ('06-0710-02495','BATISTA VICTOR',2,'LIC. EN SIST. ELECT. Y AUTOMAT','','','','','no',''),
 ('06-0712-00828','SAUCEDO CEDEÑO BRAYAN SANTANDER',2,'LIC. EN SIST. ELECT. Y AUTOMAT','','','','','no',''),
 ('06-0712-01289','VEGA EDER',2,'LIC. EN SIST. ELECT. Y AUTOMAT','','','','','no',''),
 ('06-0712-02051','RODRIGUEZ RICARDO',2,'LIC. EN SIST. ELECT. Y AUTOMAT','','','','','si','0207'),
 ('06-0713-00536','BATISTA JORGE',2,'LIC. EN SIST. ELECT. Y AUTOMAT','','','','','no','0468'),
 ('06-0713-01283','SOLIS SAMUEL',2,'LIC. EN SIST. ELECT. Y AUTOMAT','','','','','no',''),
 ('06-0713-01614','RAMOS ANETTE',2,'LIC. EN SIST. ELECT. Y AUTOMAT','','','','','no','0888'),
 ('06-0713-02032','CASTILLERO XAVIER',2,'LIC. EN SIST. ELECT. Y AUTOMAT','','','','','no',''),
 ('06-0714-00260','COLLADO CESAR',2,'LIC. EN SIST. ELECT. Y AUTOMAT','','','','','no','0934'),
 ('06-0714-01792','NIETO ELIOT',2,'LIC. EN SIST. ELECT. Y AUTOMAT','','','','','si','0898'),
 ('06-0715-00003','BATISTA MAIRON',2,'LIC. EN SIST. ELECT. Y AUTOMAT','','','','','no','0617'),
 ('06-0715-00761','SOLIS ASLHEY',2,'LIC. EN SIST. ELECT. Y AUTOMAT','','','','','no','0889'),
 ('06-0715-00826','PEREZ RAMON',2,'LIC. EN SIST. ELECT. Y AUTOMAT','','','','','no','0896'),
 ('06-0715-01223','SOLIS JOSE',2,'LIC. EN SIST. ELECT. Y AUTOMAT','','','','','no',''),
 ('06-0715-01231','OSORIO FREDDYS',2,'LIC. EN SIST. ELECT. Y AUTOMAT','','','','','no','0620'),
 ('06-0715-01472','CASTILLERO JOSE',2,'LIC. EN SIST. ELECT. Y AUTOMAT','','','','','si','0917'),
 ('06-0715-01738','BATISTA MARIA',2,'LIC. EN SIST. ELECT. Y AUTOMAT','','','','','no',''),
 ('06-0715-01819','GONZALEZ MANUEL',2,'LIC. EN SIST. ELECT. Y AUTOMAT','','','','','no','0884'),
 ('06-0716-02424','NAVARRO MANUEL',2,'LIC. EN SIST. ELECT. Y AUTOMAT','','','','','no',''),
 ('07-0701-01858','RIOS JORGE ARMANDO',2,'LIC. EN SIST. ELECT. Y AUTOMAT','','','','','no','0649'),
 ('07-0703-01957','PEREZ JUAN C.',2,'LIC. EN SIST. ELECT. Y AUTOMAT','','','','','no',''),
 ('07-0703-02353','BARRIOS MIGUEL',2,'LIC. EN SIST. ELECT. Y AUTOMAT','','','','','no','0647'),
 ('07-0704-01999','GONZALEZ JORGE LUIS',2,'LIC. EN SIST. ELECT. Y AUTOMAT','','','','','no','1104'),
 ('07-0705-00974','MENDOZA ALEXIS',2,'LIC. EN SIST. ELECT. Y AUTOMAT','','','','','no','0377'),
 ('07-0705-01506','GIRON RAFAEL',2,'LIC. EN SIST. ELECT. Y AUTOMAT','','','','','no',''),
 ('07-0706-00241','DOMINGUEZ EDILBERTO',2,'LIC. EN SIST. ELECT. Y AUTOMAT','','','','','no',''),
 ('07-0706-00371','AGRAZAL DANIEL',2,'LIC. EN SIST. ELECT. Y AUTOMAT','','','','','no',''),
 ('07-0706-01918','GONZALEZ ROBERTO',2,'LIC. EN SIST. ELECT. Y AUTOMAT','','','','','no',''),
 ('07-0707-00489','VILLARREAL RICARDO',2,'LIC. EN SIST. ELECT. Y AUTOMAT','','','','','si','0473'),
 ('07-0707-01084','NORATO MARIA',2,'LIC. EN SIST. ELECT. Y AUTOMAT','','','','','no','0935'),
 ('07-0707-01092','VILLARREAL MAYCKOL',2,'LIC. EN SIST. ELECT. Y AUTOMAT','','','','','no','0634'),
 ('07-0707-01094','PEREZ WILLIAM',2,'LIC. EN SIST. ELECT. Y AUTOMAT','','','','','no','0893'),
 ('07-0707-01720','DOMINGUEZ CESAR',2,'LIC. EN SIST. ELECT. Y AUTOMAT','','','','','no',''),
 ('07-0707-01791','JIMENEZ CARLOS ',2,'LIC. EN SIST. ELECT. Y AUTOMAT','','','','','no','0074'),
 ('07-0707-01979','CASTRO ROMAN',2,'LIC. EN SIST. ELECT. Y AUTOMAT','','','','','si','0920'),
 ('07-0707-02319','TRISTAN WINYS',2,'LIC. EN SIST. ELECT. Y AUTOMAT','','','','','no','0941'),
 ('07-0707-02354','GARCIA ELVIS',2,'LIC. EN SIST. ELECT. Y AUTOMAT','','','','','no','0894'),
 ('07-0708-00506','DE LEON VIELKA',2,'LIC. EN SIST. ELECT. Y AUTOMAT','','','','','no','0879'),
 ('08-0798-01036','CASTILLO GARRIDO MARCELO CHRISTIAN',2,'LIC. EN SIST. ELECT. Y AUTOMAT','','','','','no','01103'),
 ('08-0809-00083','DELGADO MENDOZA ROBERTO  ARMANDO ',2,'LIC. EN SIST. ELECT. Y AUTOMAT','','','','','no','0376'),
 ('08-0811-01970','RODRIGUEZ JOSUE  ELIAS',2,'LIC. EN SIST. ELECT. Y AUTOMAT','','','','','no','0360'),
 ('08-0814-00339','RAMIREZ MARVIN',2,'LIC. EN SIST. ELECT. Y AUTOMAT','','','','','no',''),
 ('08-0848-00983','BANISTA AARON',2,'LIC. EN SIST. ELECT. Y AUTOMAT','','','','','no','0942'),
 ('09-0734-02213','CHACON ESTEBAN',2,'LIC. EN SIST. ELECT. Y AUTOMAT','','','','','no','0887'),
 ('09-0735-01947','CASTILLO ANDRES',2,'LIC. EN SIST. ELECT. Y AUTOMAT','','','','','no','0895'),
 ('04-0220-00023','SANJUR ADALBERTO',2,'LIC. EN SIST. ELECT. Y AUTOMAT','','','','','no',''),
 ('06-0058-00888','MUNOZ ERIC',2,'LIC. EN SIST. ELECT. Y AUTOMAT','','','','','no','0410'),
 ('06-0086-00325','VEGA CARLOS',2,'LIC. EN SIST. ELECT. Y AUTOMAT','','','','','no','0460'),
 ('06-0701-00403','OSORIO JUAN DE DIOS',2,'LIC. EN SIST. ELECT. Y AUTOMAT','','','','','no','0374'),
 ('06-0703-00333','VACA JOSE',2,'LIC. EN SIST. ELECT. Y AUTOMAT','','','','','no','0351'),
 ('06-0705-00141','RODRIGUEZ RONALD',2,'LIC. EN SIST. ELECT. Y AUTOMAT','','','','','no','0459'),
 ('06-0705-01059','GUEVARA JIMMY P.',2,'LIC. EN SIST. ELECT. Y AUTOMAT','','','','','no','0353'),
 ('06-0705-02197','PEREZ IDALDO B.',2,'LIC. EN SIST. ELECT. Y AUTOMAT','','','','','no','0461'),
 ('06-0706-01131','EDISON CENTELLA',2,'LIC. EN SIST. ELECT. Y AUTOMAT','','','','','no','0204'),
 ('06-0707-00347','TEJADA LUIS A.',2,'LIC. EN SIST. ELECT. Y AUTOMAT','','','','','no','0885'),
 ('06-0709-01937','BROCE CHRISTIAN',2,'LIC. EN SIST. ELECT. Y AUTOMAT','','','','','si','0352'),
 ('06-0710-01020','MONTENEGRO JAIME  Y.',2,'LIC. EN SIST. ELECT. Y AUTOMAT','','','','','no','0246'),
 ('06-0712-02437','QUINTERO BOSCO',2,'LIC. EN SIST. ELECT. Y AUTOMAT','','','','','no',''),
 ('07-0702-01268','MORENO FRANKLIN',2,'LIC. EN SIST. ELECT. Y AUTOMAT','','','','','no',''),
 ('07-0702-01401','GONZALEZ EDUARDO',2,'LIC. EN SIST. ELECT. Y AUTOMAT','','','','','no','0937'),
 ('07-0705-01413','VERGARA JUVENAL',2,'LIC. EN SIST. ELECT. Y AUTOMAT','','','','','no',''),
 ('07-0707-00741','FRIAS JOHN',2,'LIC. EN SIST. ELECT. Y AUTOMAT','','','','','no','0891'),
 ('08-0818-01791','ROHRMOSER CHRISTOPHER',2,'LIC. EN SIST. ELECT. Y AUTOMAT','','','','','no','0948'),
 ('06-0710-01264','DÍAZ JOEL ',2,'LIC. EN SIST. ELECT. Y AUTOMAT','','','','','no','0932'),
 ('07-0705-02434','TRUJILLO JUAN',2,'LIC. EN SIST. ELECT. Y AUTOMAT','','','','','no',''),
 ('02-0727-02312','MARCIAGA MILAGROS',2,'LIC. ING. ELECTRON. Y TELECOM.','','','','','si','0858'),
 ('06-0712-01694','GONZALEZ JULIO',2,'LIC. ING. ELECTRON. Y TELECOM.','','','','','no',''),
 ('06-0713-01023','IBARRA ISAAC',2,'LIC. ING. ELECTRON. Y TELECOM.','','','','','no','0242'),
 ('06-0714-00970','POVEDA NEYRA',2,'LIC. ING. ELECTRON. Y TELECOM.','','','','','si','0859'),
 ('06-0715-00788','BARBA STEPHANIE',2,'LIC. ING. ELECTRON. Y TELECOM.','','','','','no','0392'),
 ('06-0715-01393','NIETO ERIC',2,'LIC. ING. ELECTRON. Y TELECOM.','','','','','no','0480'),
 ('06-0715-01595','GÁLVEZ OVIDIO',2,'LIC. ING. ELECTRON. Y TELECOM.','','','','','no','0393'),
 ('06-0715-01849','MURILLO JOEL',2,'LIC. ING. ELECTRON. Y TELECOM.','','','','','no','0394'),
 ('06-0715-01905','ARAÚZ CARLOS',2,'LIC. ING. ELECTRON. Y TELECOM.','','','','','si','1252'),
 ('06-0715-01926','SANCHEZ ROBERTO',2,'LIC. ING. ELECTRON. Y TELECOM.','','','','','no','1251'),
 ('06-0715-02007','VELIZ MITZILA ',2,'LIC. ING. ELECTRON. Y TELECOM.','','','','','no',''),
 ('06-0715-02295','MARIN DIAMITZEL',2,'LIC. ING. ELECTRON. Y TELECOM.','','','','','no','0603'),
 ('06-0715-02345','CRESPO CONNIE',2,'LIC. ING. ELECTRON. Y TELECOM.','','','','','no',''),
 ('06-0716-00064','DIAZ JOSE',2,'LIC. ING. ELECTRON. Y TELECOM.','','','','','no',''),
 ('06-0716-01188','KAA KARLA',2,'LIC. ING. ELECTRON. Y TELECOM.','','','','','no','0384'),
 ('07-0707-01651','MENDIETA HÉCTOR',2,'LIC. ING. ELECTRON. Y TELECOM.','','','','','no','0604'),
 ('07-0707-02416','MONTENEGRO JOSE',2,'LIC. ING. ELECTRON. Y TELECOM.','','','','','no','0857'),
 ('07-0708-00203','CARDENAS SAUL',2,'LIC. ING. ELECTRON. Y TELECOM.','','','','','no',''),
 ('07-0708-00422','GONZALEZ BETZABEL',2,'LIC. ING. ELECTRON. Y TELECOM.','','','','','si','0386'),
 ('07-0708-00487','RODRIGUEZ MISAEL',2,'LIC. ING. ELECTRON. Y TELECOM.','','','','','no',''),
 ('07-0708-00851','MONTERREY TANIA',2,'LIC. ING. ELECTRON. Y TELECOM.','','','','','si','0968'),
 ('08-0837-01984','DOMINGUEZ DOMINGUEZ CESAR',2,'LIC. ING. ELECTRON. Y TELECOM.','','','','','no','0642'),
 ('08-0846-02457','LOPEZ HECTOR',2,'LIC. ING. ELECTRON. Y TELECOM.','','','','','no','0395'),
 ('08-0853-01452','MORENO ADRIAN',2,'LIC. ING. ELECTRON. Y TELECOM.','','','','','no','0373'),
 ('PE-0013-01144','AREVALO MELANIE',2,'LIC. ING. ELECTRON. Y TELECOM.','','','','','no',''),
 ('06-0713-01606','ABREGO NESTOR',2,'LIC. ING. ELECTRON. Y TELECOM.','','','','','no','0449'),
 ('06-0714-01525','SANTANA DARIO',2,'LIC. ING. ELECTRON. Y TELECOM.','','','','','si','0610'),
 ('06-0714-01742','RAMIREZ KRISVELT',2,'LIC. ING. ELECTRON. Y TELECOM.','','','','','no','0966'),
 ('06-0714-01848','MONTILLA YEFRY',2,'LIC. ING. ELECTRON. Y TELECOM.','','','','','si','0877'),
 ('06-0714-02481','CENTELLA JOSE',2,'LIC. ING. ELECTRON. Y TELECOM.','','','','','no','0369'),
 ('06-0715-00118','CENTELLA REYNALDO',2,'LIC. ING. ELECTRON. Y TELECOM.','','','','','no','0010'),
 ('06-0715-01151','CASTILLO SEINDY',2,'LIC. ING. ELECTRON. Y TELECOM.','','','','','no','0497'),
 ('07-0706-01733','BERNAL ERICK',2,'LIC. ING. ELECTRON. Y TELECOM.','','','','','no',''),
 ('07-0707-01078','BARAHONA YANETH',2,'LIC. ING. ELECTRON. Y TELECOM.','','','','','no','0445'),
 ('07-0707-01089','RIOS NADIR',2,'LIC. ING. ELECTRON. Y TELECOM.','','','','','si','0868'),
 ('07-0707-01255','ESPINO MARIA',2,'LIC. ING. ELECTRON. Y TELECOM.','','','','','no','0609'),
 ('07-0707-01260','RODRIGUEZ OSIRIS',2,'LIC. ING. ELECTRON. Y TELECOM.','','','','','si','0867'),
 ('07-0707-01361','DOMINGUEZ INDIRA',2,'LIC. ING. ELECTRON. Y TELECOM.','','','','','si','0869'),
 ('08-0850-02352','NUÑEZ FELIX',2,'LIC. ING. ELECTRON. Y TELECOM.','','','','','no','0033'),
 ('06-0053-00276','TATIS JOSE',2,'LIC. ING. ELECTRON. Y TELECOM.','','','','','no',''),
 ('06-0712-01915','LUCERO KATIUSKA',2,'LIC. ING. ELECTRON. Y TELECOM.','','','','','no',''),
 ('06-0713-00368','PAZ FRANCISCO',2,'LIC. ING. ELECTRON. Y TELECOM.','','','','','no','0012'),
 ('06-0713-01835','ROBINSON RAYMOND',2,'LIC. ING. ELECTRON. Y TELECOM.','','','','','no',''),
 ('06-0713-02368','GARCIA JOSE',2,'LIC. ING. ELECTRON. Y TELECOM.','','','','','si','0438'),
 ('06-0714-01635','THOMAS MARIO',2,'LIC. ING. ELECTRON. Y TELECOM.','','','','','si','1253'),
 ('07-0707-00129','GALAGARZA EDSON',2,'LIC. ING. ELECTRON. Y TELECOM.','','','','','si','0364'),
 ('09-0727-01780','ABREGO SERRANO RAMÓN RAFAEL ',2,'LIC. ING. ELECTRON. Y TELECOM.','','','','','no',''),
 ('02-0719-00093','RODRIGUEZ DENIS',2,'LIC. ING. ELECTRON. Y TELECOM','','','','','no','0630'),
 ('02-0720-01634','CHÁVEZ GÚTIERREZ RIGOBERTO GIRESSE',2,'LIC. ING. ELECTRON. Y TELECOM.','','','','','no',''),
 ('02-0721-01153','CASTROVERDE JEAN',2,'LIC. ING. ELECTRON. Y TELECOM.','','','','','no',''),
 ('02-0722-00227','CARRASCO JOSÉ',2,'LIC. ING. ELECTRON. Y TELECOM.','','','','','no','0645'),
 ('02-0725-00474','SALINAS JORGE',2,'LIC. ING. ELECTRON. Y TELECOM.','','','','','no',''),
 ('06-0710-02422','MARIN CHAVEZ WILLIAM  ALBERTO',2,'LIC. ING. ELECTRON. Y TELECOM.','','','','','no','0646'),
 ('06-0712-00575','SAEZ GUADALUPE',2,'LIC. ING. ELECTRON. Y TELECOM.','','','','','no','0601'),
 ('06-0712-01775','SANTAMARIA ANGIE',2,'LIC. ING. ELECTRON. Y TELECOM.','','','','','no',''),
 ('06-0713-01740','OCHOA MIJAIL',2,'LIC. ING. ELECTRON. Y TELECOM.','','','','','si','0643'),
 ('07-0706-01243','GONZALEZ DAYANA',2,'LIC. ING. ELECTRON. Y TELECOM.','','','','','si','0383'),
 ('08-0822-02024','FERREIRA ODILAURIS',2,'LIC. ING. ELECTRON. Y TELECOM.','','','','','no','0864'),
 ('06-0053-02100','CIGARRUISTA ROBERTO',2,'MAESTRIA EN ING. ELECTRICA','','','','','no',''),
 ('06-0711-00803','BATISTA VÍCTOR',2,'TECNICO EN ELECTRICIDAD','','','','','no','0400'),
 ('06-0707-00863','QUINTERO DIMAS',2,'TECNICO EN ELECTRICIDAD','','','','','no','0387'),
 ('06-0711-00761','QUINTERO HÉCTOR',2,'TECNICO EN ELECTRICIDAD','','','','','no',''),
 ('06-0703-01232','TREJOS JOSE F.',2,'TECNICO EN ELECTRICIDAD','','','','','no','0458'),
 ('06-0709-00953','CALDERON LUZMILA DEL CARMEN',2,'TECNICO EN ELECTRONICA','','','','','no',''),
 ('07-0112-00394','MURILLO CARLOS',2,'TECNICO EN ELECTRONICA','','','','','no',''),
 ('06-0707-01332','ROMERO LUIS A.',2,'TECNICO EN ELECTRONICA','','','','','no',''),
 ('06-0715-00389','GUARDIA RAMSES',3,'ING. MECANICA INDUSTRIAL','','','','','no',''),
 ('06-0715-01599','QUINTERO OMAIRA',3,'ING. MECANICA INDUSTRIAL','','','','','no',''),
 ('06-0716-00203','CEDEÑO JORGE',3,'ING. MECANICA INDUSTRIAL','','','','','no',''),
 ('07-0706-00448','VEGA WILLIAN',3,'ING. MECANICA INDUSTRIAL','','','','','no',''),
 ('07-0706-02062','BARRIOS RAMIRO',3,'ING. MECANICA INDUSTRIAL','','','','','no',''),
 ('06-0713-00535','GOVEA CRISTIAN',3,'INGENIERIA INDUSTRIAL','','','','','no',''),
 ('06-0713-01971','QUINTERO REYNALDO',3,'INGENIERIA INDUSTRIAL','','','','','no',''),
 ('06-0713-02493','SOLIS CARLOS',3,'INGENIERIA INDUSTRIAL','','','','','no',''),
 ('06-0714-02209','SALAZAR ANAYS',3,'INGENIERIA INDUSTRIAL','','','','','no',''),
 ('06-0714-02303','VEGA SAUL',3,'INGENIERIA INDUSTRIAL','','','','','no',''),
 ('06-0715-00212','MURILLO EMMY',3,'INGENIERIA INDUSTRIAL','','','','','no',''),
 ('06-0715-00609','JIMENEZ JULISSA',3,'INGENIERIA INDUSTRIAL','','','','','no',''),
 ('06-0715-01088','MENDIETA LIARIS',3,'INGENIERIA INDUSTRIAL','','','','','no',''),
 ('06-0715-01095','DEGRACIA ANA',3,'INGENIERIA INDUSTRIAL','','','','','no',''),
 ('06-0715-01259','GIRON MAREILYS',3,'INGENIERIA INDUSTRIAL','','','','','no',''),
 ('06-0715-01805','GONZALEZ MERCEDES',3,'INGENIERIA INDUSTRIAL','','','','','no',''),
 ('06-0715-01856','SALAMIN DAVID',3,'INGENIERIA INDUSTRIAL','','','','','no',''),
 ('06-0715-02230','ESPINOZA MARIBEL',3,'INGENIERIA INDUSTRIAL','','','','','no',''),
 ('06-0720-00804','DIAZ YOHANI',3,'INGENIERIA INDUSTRIAL','','','','','no',''),
 ('07-0707-01561','GUERRA MARÍA',3,'INGENIERIA INDUSTRIAL','','','','','no',''),
 ('07-0707-01609','MEDINA JOSE',3,'INGENIERIA INDUSTRIAL','','','','','no',''),
 ('07-0707-01616','FRIAS LEIDYS',3,'INGENIERIA INDUSTRIAL','','','','','no',''),
 ('07-0707-01645','BATISTA JOSE',3,'INGENIERIA INDUSTRIAL','','','','','no',''),
 ('07-0707-02225','GONZALEZ KARINA',3,'INGENIERIA INDUSTRIAL','','','','','no',''),
 ('07-0707-02387','SOLIS PABLO',3,'INGENIERIA INDUSTRIAL','','','','','no',''),
 ('07-0708-00088','DE GRACIA JULISSA',3,'INGENIERIA INDUSTRIAL','','','','','no',''),
 ('07-0708-00218','CASTILLO CAROLINA',3,'INGENIERIA INDUSTRIAL','','','','','no',''),
 ('07-0708-00453','PEREZ KARINA',3,'INGENIERIA INDUSTRIAL','','','','','no',''),
 ('07-0708-01324','CABALLERO OLDEMAR',3,'INGENIERIA INDUSTRIAL','','','','','no',''),
 ('07-0709-02106','REYES RUBIELA',3,'INGENIERIA INDUSTRIAL','','','','','no',''),
 ('08-0828-00993','BALLESTEROS IDALIA',3,'INGENIERIA INDUSTRIAL','','','','','no',''),
 ('08-0837-00920','MARTINEZ LOIRA',3,'INGENIERIA INDUSTRIAL','','','','','no',''),
 ('08-0846-02284','RANGEL ALEXIS',3,'INGENIERIA INDUSTRIAL','','','','','no',''),
 ('08-0852-00211','CASTILLO SELMA',3,'INGENIERIA INDUSTRIAL','','','','','no',''),
 ('PE-0011-01587','ROYO KENDAL',3,'INGENIERIA INDUSTRIAL','','','','','no',''),
 ('06-0710-02491','ATHANASIADIS PLUTARCO',3,'INGENIERIA INDUSTRIAL','','','','','no','');
INSERT INTO `congreso`.`estudiantes` VALUES  ('06-0712-01689','ALFONSO GERALDO',3,'INGENIERIA INDUSTRIAL','','','','','no',''),
 ('06-0713-00034','RODRIGUEZ ALEJANDRA',3,'INGENIERIA INDUSTRIAL','','','','','no',''),
 ('06-0713-01356','CEDEÑO MARIA',3,'INGENIERIA INDUSTRIAL','','','','','no',''),
 ('06-0714-00276','MENESES JUAN',3,'INGENIERIA INDUSTRIAL','','','','','no',''),
 ('06-0714-00750','RUIZ MARCOS',3,'INGENIERIA INDUSTRIAL','','','','','no',''),
 ('06-0714-00972','RODRIGUEZ MARIA',3,'INGENIERIA INDUSTRIAL','','','','','no',''),
 ('06-0714-01413','MONTERREY MARLYN',3,'INGENIERIA INDUSTRIAL','','','','','no',''),
 ('06-0714-01640','QUINTERO ANDREINA',3,'INGENIERIA INDUSTRIAL','','','','','no',''),
 ('06-0714-02002','ORTEGA YAMALLI',3,'INGENIERIA INDUSTRIAL','','','','','no',''),
 ('06-0714-02087','BARBA MARKELYS',3,'INGENIERIA INDUSTRIAL','','','','','no',''),
 ('06-0714-02276','QUINTERO DARNELL',3,'INGENIERIA INDUSTRIAL','','','','','no',''),
 ('06-0714-02323','DE LEON ADIS',3,'INGENIERIA INDUSTRIAL','','','','','no',''),
 ('06-0715-00162','CRESPO VALERIE',3,'INGENIERIA INDUSTRIAL','','','','','no',''),
 ('06-0715-00352','PEÑA MADELAINE',3,'INGENIERIA INDUSTRIAL','','','','','no',''),
 ('07-0707-00392','AGURTO LEONIDAS',3,'INGENIERIA INDUSTRIAL','','','','','no',''),
 ('07-0707-00556','MELENDEZ VIANCA',3,'INGENIERIA INDUSTRIAL','','','','','no',''),
 ('07-0707-00573','GARRIDO DIDIMO',3,'INGENIERIA INDUSTRIAL','','','','','no',''),
 ('07-0707-01198','BARAHONA BETZAIDA',3,'INGENIERIA INDUSTRIAL','','','','','no',''),
 ('07-0707-01286','GONZALEZ ANNIE',3,'INGENIERIA INDUSTRIAL','','','','','no',''),
 ('07-0707-01419','RUIZ SAMUEL',3,'INGENIERIA INDUSTRIAL','','','','','no',''),
 ('08-0847-00804','PAREDES PEDRO',3,'INGENIERIA INDUSTRIAL','','','','','no',''),
 ('08-0884-01230','AVILA DANIEL',3,'INGENIERIA INDUSTRIAL','','','','','no',''),
 ('20-0014-01419','SUAZA LIZANDRO',3,'INGENIERIA INDUSTRIAL','','','','','no',''),
 ('01-0720-02348','ULLOA MARIA',3,'INGENIERIA INDUSTRIAL','','','','','no',''),
 ('06-0712-01724','CHACÓN ANGEL',3,'INGENIERIA INDUSTRIAL','','','','','no',''),
 ('06-0713-00902','DIAZ STEPHANIE',3,'INGENIERIA INDUSTRIAL','','','','','no',''),
 ('06-0713-01174','ROBINSON CIRCE',3,'INGENIERIA INDUSTRIAL','','','','','no',''),
 ('06-0713-01340','BERNAL ARMANDO',3,'INGENIERIA INDUSTRIAL','','','','','no',''),
 ('06-0713-01804','SAAVEDRA JOSE',3,'INGENIERIA INDUSTRIAL','','','','','no',''),
 ('06-0713-01874','COLLADO YAMILKA',3,'INGENIERIA INDUSTRIAL','','','','','no',''),
 ('06-0713-01933','RODRIGUEZ ANGELINE',3,'INGENIERIA INDUSTRIAL','','','','','no',''),
 ('06-0713-02211','SANCHEZ ANA ',3,'INGENIERIA INDUSTRIAL','','','','','no',''),
 ('06-0713-02395','CASTROVERDE STEPHANIE',3,'INGENIERIA INDUSTRIAL','','','','','no',''),
 ('06-0714-00858','OSORIO CARLOS',3,'INGENIERIA INDUSTRIAL','','','','','no',''),
 ('07-0706-00333','ESPINOSA MARIELA',3,'INGENIERIA INDUSTRIAL','','','','','no',''),
 ('07-0706-01443','CRUZ JOSE',3,'INGENIERIA INDUSTRIAL','','','','','no',''),
 ('07-0707-00334','PALMA RICARDO',3,'INGENIERIA INDUSTRIAL','','','','','no',''),
 ('08-0810-00664','SAN MARTIN AMAYA JUAN MANUEL',3,'INGENIERIA INDUSTRIAL','','','','','no',''),
 ('08-0826-00917','RUIZ KATHIA',3,'INGENIERIA INDUSTRIAL','','','','','no',''),
 ('06-0709-01956','MITRE SAMANIEGO RAUL IVAN',3,'INGENIERIA INDUSTRIAL','','','','','no',''),
 ('06-0711-02148','HIGUERA GAITÁN JOAQUIN ALEXIS ',3,'INGENIERIA INDUSTRIAL','','','','','no',''),
 ('06-0712-01876','CABALLERO GISSELLE',3,'INGENIERIA INDUSTRIAL','','','','','no',''),
 ('06-0713-00461','PEREZ JULIX',3,'INGENIERIA INDUSTRIAL','','','','','no',''),
 ('06-0713-00896','OSORIO KAREN',3,'INGENIERIA INDUSTRIAL','','','','','no',''),
 ('06-0713-01102','AMORES MARTA',3,'INGENIERIA INDUSTRIAL','','','','','no',''),
 ('06-0713-01713','PIMENTEL GENESIS',3,'INGENIERIA INDUSTRIAL','','','','','no',''),
 ('07-0706-01414','AMAYA AMAILYS',3,'INGENIERIA INDUSTRIAL','','','','','no',''),
 ('07-0707-00749','CAMARENA SUSAN',3,'INGENIERIA INDUSTRIAL','','','','','no',''),
 ('08-0820-00381','DE AVILA KATIA',3,'INGENIERIA INDUSTRIAL','','','','','no',''),
 ('06-0706-00168','PERALTA ISAAC E.',3,'INGENIERIA INDUSTRIAL','','','','','no',''),
 ('06-0057-02012','PINTO SERAFINA',3,'LIC. EN GESTION ADMINISTRATIVA','','','','','no',''),
 ('06-0067-00269','BARRIOS ALAN  N.',3,'LIC. EN GESTION ADMINISTRATIVA','','','','','no',''),
 ('06-0086-00087','VILLARREAL CARMEN',3,'LIC. EN GESTION ADMINISTRATIVA','','','','','no',''),
 ('06-0706-00248','RODRIGUEZ VIELKA',3,'LIC. EN GESTION ADMINISTRATIVA','','','','','no',''),
 ('06-0708-01803','PEREZ URANE EVA',3,'LIC. EN GESTION ADMINISTRATIVA','','','','','no',''),
 ('06-0709-01012','BAULE ALEX A.',3,'LIC. EN GESTION ADMINISTRATIVA','','','','','no',''),
 ('07-0111-00886','LOMBARDO WALKIRIA',3,'LIC. EN GESTION ADMINISTRATIVA','','','','','no',''),
 ('07-0117-00562','RUILOBA ROSI MARLENE',3,'LIC. EN GESTION ADMINISTRATIVA','','','','','no',''),
 ('04-0726-02086','MIRANDA LADY JOHANNA',3,'LIC.EN MERC.COM.INT.','','','','','no',''),
 ('04-0738-02205','GUERRA YELENNYS',3,'LIC.EN MERC.COM.INT.','','','','','no',''),
 ('06-0702-02225','OSORIO DAVID',3,'LIC.EN MERC.COM.INT.','','','','','no',''),
 ('06-0706-00596','MONTERREY ALBERTO',3,'LIC.EN MERC.COM.INT.','','','','','no',''),
 ('06-0709-01714','SAAVEDRA RIOS EDWIN DEMOSTENES',3,'LIC.EN MERC.COM.INT.','','','','','no',''),
 ('06-0713-00701','BENALCAZA SORANGEL',3,'LIC.EN MERC.COM.INT.','','','','','no',''),
 ('06-0713-02325','UREÑA YARINELYS',3,'LIC.EN MERC.COM.INT.','','','','','no',''),
 ('06-0714-00284','DELGADO LEONEL',3,'LIC.EN MERC.COM.INT.','','','','','no',''),
 ('06-0714-00340','DOMINGUEZ DIDIMO',3,'LIC.EN MERC.COM.INT.','','','','','no',''),
 ('06-0714-01463','RODRIGUEZ BRAOLID',3,'LIC.EN MERC.COM.INT.','','','','','no',''),
 ('06-0714-01683','VILLARREAL MELANIE',3,'LIC.EN MERC.COM.INT.','','','','','no',''),
 ('06-0714-02260','RODRIGUEZ EDILSA',3,'LIC.EN MERC.COM.INT.','','','','','no',''),
 ('06-0714-02376','NIETO BOSCO',3,'LIC.EN MERC.COM.INT.','','','','','no',''),
 ('06-0715-00749','SANDOVAL LISBY',3,'LIC.EN MERC.COM.INT.','','','','','no',''),
 ('06-0715-00953','CABALLERO PATRICIA',3,'LIC.EN MERC.COM.INT.','','','','','no',''),
 ('06-0715-01037','VEGA STEFANY',3,'LIC.EN MERC.COM.INT.','','','','','no',''),
 ('06-0715-01050','FALCK ANA',3,'LIC.EN MERC.COM.INT.','','','','','no',''),
 ('06-0715-01359','QUINTERO MARIANELA',3,'LIC.EN MERC.COM.INT.','','','','','no',''),
 ('06-0715-01474','PEREZ DAYBELIS',3,'LIC.EN MERC.COM.INT.','','','','','no',''),
 ('06-0715-01502','VEGA JOSELIN',3,'LIC.EN MERC.COM.INT.','','','','','no',''),
 ('06-0715-01527','SANJUR LEYSI',3,'LIC.EN MERC.COM.INT.','','','','','no',''),
 ('06-0715-01556','CANO DOMICIO',3,'LIC.EN MERC.COM.INT.','','','','','no',''),
 ('06-0715-02400','ATENCIO OLMEDO',3,'LIC.EN MERC.COM.INT.','','','','','no',''),
 ('06-0715-02450','GARCIA RAINIER',3,'LIC.EN MERC.COM.INT.','','','','','no',''),
 ('06-0716-00132','LOMBARDO ILSA',3,'LIC.EN MERC.COM.INT.','','','','','no',''),
 ('07-0705-00415','SAEZ RICARDO',3,'LIC.EN MERC.COM.INT.','','','','','no',''),
 ('07-0706-00738','MORENO LILIANA',3,'LIC.EN MERC.COM.INT.','','','','','no',''),
 ('06-0712-01978','RAMIREZ IRVIN',3,'','','','','','no',''),
 ('07-0707-00775','BARRIOS NAYARIS',3,'LIC.EN MERC.COM.INT.','','','','','no',''),
 ('07-0707-00865','CASTILLERO MOISES',3,'LIC.EN MERC.COM.INT.','','','','','no',''),
 ('07-0707-01777','VILLALAZ SULEIDYS',3,'LIC.EN MERC.COM.INT.','','','','','no',''),
 ('07-0707-01872','ACEVEDO MILAGROS',3,'LIC.EN MERC.COM.INT.','','','','','no',''),
 ('07-0708-00219','RAMOS MARIA',3,'LIC.EN MERC.COM.INT.','','','','','no',''),
 ('07-0708-00220','RAMOS MARKELIS',3,'LIC.EN MERC.COM.INT.','','','','','no',''),
 ('07-0708-00431','SOLÍS ELIZABETH',3,'LIC.EN MERC.COM.INT.','','','','','no',''),
 ('08-0761-01113','BARRERA MELISSA DEL C.',3,'LIC.EN MERC.COM.INT.','','','','','no',''),
 ('08-0822-02027','CEDEÑO EDILBERTO',3,'LIC.EN MERC.COM.INT.','','','','','no',''),
 ('08-0848-00416','ORTIZ YILIAN',3,'LIC.EN MERC.COM.INT.','','','','','no',''),
 ('08-0852-00215','MALESPIN MADELAINE',3,'LIC.EN MERC.COM.INT.','','','','','no',''),
 ('08-0861-00977','GUTIERREZ STEPHANY',3,'LIC.EN MERC.COM.INT.','','','','','no',''),
 ('09-0736-00696','GUEVARA GINA',3,'LIC.EN MERC.COM.INT.','','','','','no',''),
 ('0E-0008-96858','MADROÑERO  ISAZA JAIVER STEVENS',3,'LIC.EN MERC.COM.INT.','','','','','no',''),
 ('03-0722-00621','MENESES EUGENIO',3,'LIC.EN MERC.COM.INT.','','','','','no',''),
 ('06-0706-02196','MORALES JUDITH E.',3,'LIC.EN MERC.COM.INT.','','','','','no',''),
 ('06-0707-00204','DIAZ MARIE ANN K.',3,'LIC.EN MERC.COM.INT.','','','','','no',''),
 ('06-0708-02399','SOLIS FRANCISCO',3,'LIC.EN MERC.COM.INT.','','','','','no',''),
 ('06-0709-01736','RIOS RITA L.',3,'LIC.EN MERC.COM.INT.','','','','','no',''),
 ('06-0713-01688','VILLARREAL MARIA',3,'LIC.EN MERC.COM.INT.','','','','','no',''),
 ('06-0713-02344','ESTRADA EDWIN',3,'LIC.EN MERC.COM.INT.','','','','','no',''),
 ('06-0714-00761','HUERTA CAROLINA',3,'LIC.EN MERC.COM.INT.','','','','','no',''),
 ('07-0705-00223','OSORIO NIDIA',3,'LIC.EN MERC.COM.INT.','','','','','no',''),
 ('07-0706-00583','GONZALEZ IZAEL',3,'LIC.EN MERC.COM.INT.','','','','','no',''),
 ('07-0706-01201','PALOMINO VIRGINIA',3,'LIC.EN MERC.COM.INT.','','','','','no',''),
 ('06-0701-01897','VILLARREAL VICENTE',3,'','','','','','no',''),
 ('04-0272-00360','RUIZ YANETH',3,'LIC.EN MERC.COM.INT.','','','','','no',''),
 ('06-0704-01238','BALBOZA DIXON',3,'LIC.EN MERC.COM.INT.','','','','','no',''),
 ('06-0704-02122','CHAVEZ YARINETH',3,'LIC.EN MERC.COM.INT.','','','','','no',''),
 ('06-0705-00828','AVILA ALICIA',3,'LIC.EN MERC.COM.INT.','','','','','no',''),
 ('06-0707-01443','MITRE JONHATAN  X.',3,'LIC.EN MERC.COM.INT.','','','','','no',''),
 ('06-0712-00918','MONTERREY EDUARDO',3,'LIC.EN MERC.COM.INT.','','','','','no',''),
 ('06-0712-02045','MONTENEGRO DEYKA',3,'LIC.EN MERC.COM.INT.','','','','','no',''),
 ('08-0833-00767','GONZALEZ YINA',3,'LIC.EN MERC.COM.INT.','','','','','no',''),
 ('06-0066-00571','PIMENTEL BORYS OMAR',3,'LIC.EN MERC.COM.INT.','','','','','no',''),
 ('06-0703-00486','RIVERA DIOBELIS',3,'LIC.EN MERC.COM.INT.','','','','','no',''),
 ('06-0703-01999','FRIAS EDILMA Y.',3,'LIC.EN MERC.COM.INT.','','','','','no',''),
 ('06-0709-00198','FRIAS MARLYN',3,'LIC.EN MERC.COM.INT.','','','','','no',''),
 ('06-0709-01351','BAZAN DENIS',3,'LIC.EN MERC.COM.INT.','','','','','no',''),
 ('06-0710-00108','CASTRO MILKA M.',3,'LIC.EN MERC.COM.INT.','','','','','no',''),
 ('06-0710-01078','CARDENAS  VLADIMIR  A.',3,'LIC.EN MERC.COM.INT.','','','','','no',''),
 ('06-0713-00530','MUDARRA YOHANA',3,'LIC.EN MERC.COM.INT.','','','','','no',''),
 ('07-0705-01812','CORREA MARCOS J.',3,'LIC.EN MERC.COM.INT.','','','','','no',''),
 ('07-0706-00317','MEDINA YANILKA',3,'LIC.EN MERC.COM.INT.','','','','','no',''),
 ('07-0706-01005','CASTILLERO DANYS',3,'LIC.EN MERC.COM.INT.','','','','','no',''),
 ('06-0707-01049','VILLARREAL CESAR',3,'TEC.EN ING.ESP.ADMON.','','','','','no',''),
 ('06-0704-01937','DIAZ EDWARD',4,'LIC. EN MECANICA INDUSTRIAL','','','','','no',''),
 ('06-0712-01872','BARBA JAVIER',4,'LIC. EN MECANICA INDUSTRIAL','','','','','no',''),
 ('07-0705-02418','MEDINA GUTIERREZ CESAR AQUILINO',4,'LIC. EN MECANICA INDUSTRIAL','','','','','no',''),
 ('06-0704-00591','GARCIA CRISTHIAN',4,'LIC. EN MECANICA INDUSTRIAL','','','','','no',''),
 ('06-0707-02484','VEGA NATHANIEL',4,'LIC. EN MECANICA INDUSTRIAL','','','','','no',''),
 ('06-0711-02463','DUCREUX RUÍZ JEAN CARLOS',4,'LIC. EN MECANICA INDUSTRIAL','','','','','no',''),
 ('06-0085-00087','FRANCO FERNANDO',4,'LIC.TECN. MEC.IND.','','','','','no',''),
 ('0E-0008-29141','RENGGER SCOTT',5,'ING.SISTEMAS COMPUTACIONALES','','','','','no',''),
 ('06-0706-00232','TELLO YESICA  C.',5,'LIC. EN INF. APLICA. EDUCACION','','','','','no',''),
 ('06-0709-01639','AVILA RUTH  B.',5,'LIC. EN INF. APLICA. EDUCACION','','','','','no',''),
 ('06-0710-01033','MORENO QUINTERO YURIEL  EZEQUIEL',5,'LIC. EN INF. APLICA. EDUCACION','','','','','no',''),
 ('06-0710-01360','NASH PINZON FISEL  ZOE',5,'LIC. EN INF. APLICA. EDUCACION','','','','','no',''),
 ('06-0710-01610','MORENO MARIANELA',5,'LIC. EN INF. APLICA. EDUCACION','','','','','no',''),
 ('06-0711-00212','RODRÍGUEZ LUIS C.',5,'LIC. EN INF. APLICA. EDUCACION','','','','','no',''),
 ('06-0712-01391','MENDOZA JOSE  I.',5,'LIC. EN INF. APLICA. EDUCACION','','','','','no',''),
 ('06-0712-02012','BRAVO FRANCISCO JAVIER',5,'LIC. EN INF. APLICA. EDUCACION','','','','','no',''),
 ('06-0712-02284','BERMUDEZ JUAN',5,'LIC. EN INF. APLICA. EDUCACION','','','','','no',''),
 ('06-0712-02407','DOMÍNGUEZ ANTONY',5,'LIC. EN INF. APLICA. EDUCACION','','','','','no',''),
 ('06-0714-00254','GUTIERREZ KATERIN A.',5,'LIC. EN INF. APLICA. EDUCACION','','','','','no',''),
 ('07-0090-01078','MURILLO ELDA E.',5,'LIC. EN INF. APLICA. EDUCACION','','','','','no',''),
 ('07-0703-01316','GALVEZ MILENA  M.',5,'LIC. EN INF. APLICA. EDUCACION','','','','','no',''),
 ('07-0704-00942','RODRIGUEZ GUSTAVO',5,'LIC. EN INF. APLICA. EDUCACION','','','','','no',''),
 ('07-0706-00037','RODRIGUEZ DELGADO ANIBAL MARCELINO',5,'LIC. EN INF. APLICA. EDUCACION','','','','','no',''),
 ('07-0706-00604','BRANDAO ROGER',5,'LIC. EN INF. APLICA. EDUCACION','','','','','no',''),
 ('08-0807-00145','GONZALEZ BETETA ROBERT ELIEZER',5,'LIC. EN INF. APLICA. EDUCACION','','','','','no',''),
 ('02-0724-01122','AGUILAR STPHANYS',5,'LIC. REDES INFORMATICAS','','','','','no',''),
 ('06-0704-00998','RODRIGUEZ RICARDO R.',5,'LIC. REDES INFORMATICAS','','','','','no',''),
 ('06-0710-01403','DIAZ  GONZALEZ WIFREDO',5,'LIC. REDES INFORMATICAS','','','','','no',''),
 ('06-0711-00237','TREJOS PAULINA',5,'LIC. REDES INFORMATICAS','','','','','no',''),
 ('06-0711-00334','NUÑEZ CRUZ WALTER FRANCISCO',5,'LIC. REDES INFORMATICAS','','','','','no',''),
 ('06-0713-00544','DE GRACIA DORALYS',5,'LIC. REDES INFORMATICAS','','','','','no',''),
 ('06-0713-00584','LOPEZ JOSE M.',5,'LIC. REDES INFORMATICAS','','','','','no',''),
 ('06-0713-01520','TELLO HUGO',5,'LIC. REDES INFORMATICAS','','','','','no',''),
 ('06-0714-00755','PORTILLO MARGEL',5,'LIC. REDES INFORMATICAS','','','','','no',''),
 ('06-0714-00897','PEREZ EURI',5,'LIC. REDES INFORMATICAS','','','','','no',''),
 ('06-0714-01107','GONZALEZ RANDOL',5,'LIC. REDES INFORMATICAS','','','','','no',''),
 ('06-0714-01602','MORALES COSME',5,'LIC. REDES INFORMATICAS','','','','','no',''),
 ('06-0714-02095','CASTRO VICTOR',5,'LIC. REDES INFORMATICAS','','','','','no',''),
 ('06-0715-02192','OSORIO IRVING',5,'LIC. REDES INFORMATICAS','','','','','no',''),
 ('07-0707-00313','DIAZ MARIA',5,'LIC. REDES INFORMATICAS','','','','','no',''),
 ('07-0707-02251','POVEDA FRANCISCO',5,'LIC. REDES INFORMATICAS','','','','','no',''),
 ('06-0711-00095','PEREZ MENDOZA LORENZO',5,'LIC. REDES INFORMATICAS','','','','','no',''),
 ('07-0702-00725','RODRIGUEZ JOSE I.',5,'LIC. REDES INFORMATICAS','','','','','no',''),
 ('07-0706-00120','JAEN MARITZA',5,'LIC. REDES INFORMATICAS','','','','','no',''),
 ('08-0795-01644','GUTIERREZ GALVEZ FLORENCIO ABDIEL',5,'LIC. REDES INFORMATICAS','','','','','no',''),
 ('08-0816-02213','MAYA RODRIGUEZ FRANKLIN MOISES',5,'LIC. REDES INFORMATICAS','','','','','no',''),
 ('07-0706-00005','ATENCIO EDISON',5,'LIC. REDES INFORMATICAS','','','','','no',''),
 ('06-0700-02066','GALLEGO HECTOR',5,'LIC. REDES INFORMATICAS','','','','','no',''),
 ('06-0702-01135','GONZALEZ JOSE A.',5,'LIC. REDES INFORMATICAS','','','','','no',''),
 ('06-0703-01915','OSORIO ORLANDO',5,'LIC. REDES INFORMATICAS','','','','','no',''),
 ('06-0703-02074','CALERO LUIS A.',5,'LIC. REDES INFORMATICAS','','','','','no',''),
 ('06-0705-02316','VALDIVIESO DAVID',5,'LIC. REDES INFORMATICAS','','','','','no',''),
 ('06-0706-02367','DÍAZ ARMANDO',5,'LIC. REDES INFORMATICAS','','','','','no',''),
 ('06-0707-00432','ROMERO MITZURYS Y.',5,'LIC. REDES INFORMATICAS','','','','','no',''),
 ('06-0709-00762','CASAS OVIDIO',5,'LIC. REDES INFORMATICAS','','','','','no',''),
 ('06-0709-00869','DELGADO MILCIADES',5,'LIC. REDES INFORMATICAS','','','','','no',''),
 ('06-0710-00881','LOPEZ JOSE',5,'LIC. REDES INFORMATICAS','','','','','no',''),
 ('06-0710-01350','HERRERA ALBIS  A.',5,'LIC. REDES INFORMATICAS','','','','','no',''),
 ('06-0712-02174','HERNANDEZ GENESIS',5,'LIC. REDES INFORMATICAS','','','','','no',''),
 ('06-0713-00397','CAMPOS CARLOS',5,'LIC. REDES INFORMATICAS','','','','','no',''),
 ('07-0702-00129','CONCHA LUIS A.',5,'LIC. REDES INFORMATICAS','','','','','no',''),
 ('07-0703-01969','VIGIL DANIEL',5,'LIC. REDES INFORMATICAS','','','','','no',''),
 ('07-0705-02416','AROSEMENA RIOS FRANCISS JANNETH',5,'LIC. REDES INFORMATICAS','','','','','no',''),
 ('07-0706-00131','DE GRACIA MAURO',5,'LIC. REDES INFORMATICAS','','','','','no',''),
 ('07-0706-00319','ALONSO LUIS',5,'LIC. REDES INFORMATICAS','','','','','no',''),
 ('06-0081-00579','SALERNO R. GILBERTO',5,'LIC.DESARR.SOFTW.','','','','','no',''),
 ('06-0709-01671','DEAGO  MAIKO',5,'LIC.DESARR.SOFTW.','','','','','no',''),
 ('06-0710-02199','SAAVEDRA JAVIER A.',5,'LIC.DESARR.SOFTW.','','','','','no',''),
 ('06-0713-01389','CEDEÑO EDUARDO',5,'LIC.DESARR.SOFTW.','','','','','no',''),
 ('06-0714-01747','TELLO ANGEL',5,'LIC.DESARR.SOFTW.','','','','','no',''),
 ('07-0704-00129','MORENO ABDIEL A.',5,'LIC.DESARR.SOFTW.','','','','','no',''),
 ('07-0705-01937','PEREZ CECILIA',5,'LIC.DESARR.SOFTW.','','','','','no',''),
 ('07-0708-00417','GONZALEZ FERNADO',5,'LIC.DESARR.SOFTW.','','','','','no',''),
 ('08-0826-01185','GONZALEZ JULIO',5,'LIC.DESARR.SOFTW.','','','','','no',''),
 ('08-0832-00588','GRACIA DONALD',5,'LIC.DESARR.SOFTW.','','','','','no',''),
 ('08-0853-00492','GONZALEZ SAMUEL',5,'LIC.DESARR.SOFTW.','','','','','no',''),
 ('06-0713-01241','MARTINEZ MARIA',5,'LIC.DESARR.SOFTW.','','','','','no',''),
 ('06-0713-01851','TREJOS ELIZABETH',5,'LIC.DESARR.SOFTW.','','','','','no',''),
 ('06-0714-00136','BATISTA MARTIN',5,'LIC.DESARR.SOFTW.','','','','','no',''),
 ('06-0714-00889','PIMENTEL MANUEL',5,'LIC.DESARR.SOFTW.','','','','','no',''),
 ('06-0714-01215','VILLARREAL OMAR',5,'LIC.DESARR.SOFTW.','','','','','no',''),
 ('06-0714-02366','VILLARREAL MARIO',5,'LIC.DESARR.SOFTW.','','','','','no',''),
 ('07-0706-02197','NIETO ANDRES',5,'LIC.DESARR.SOFTW.','','','','','no',''),
 ('09-0733-01980','GUILLEN YAHAIRA',5,'LIC.DESARR.SOFTW.','','','','','no',''),
 ('06-0708-01625','SANTANA PLINIO  A.',5,'LIC.DESARR.SOFTW.','','','','','no',''),
 ('06-0708-01268','GONZALEZ GUSTAVO',5,'LIC.DESARR.SOFTW.','','','','','no',''),
 ('07-0707-01782','DOMINGUEZ JAVIER ',5,'LIC.ING.SIST.Y COMP.','','','','','no',''),
 ('06-0712-02377','PINZON JUAN',5,'LIC.ING.SIST.Y COMP.','','','','','no',''),
 ('06-0714-01679','PINILLA JOSE',5,'LIC.ING.SIST.Y COMP.','','','','','no',''),
 ('06-0714-01978','MENDOZA MARTHA',5,'LIC.ING.SIST.Y COMP.','','','','','no',''),
 ('06-0714-02322','LUNA MARIA',5,'LIC.ING.SIST.Y COMP.','','','','','no',''),
 ('06-0715-01129','QUINTERO CRESDY',5,'LIC.ING.SIST.Y COMP.','','','','','no',''),
 ('20-0014-01512','LÓPEZ JONATHAN',5,'LIC.ING.SIST.Y COMP.','','','','','no',''),
 ('06-0713-00309','ORTEGA JOSÉ',5,'LIC.ING.SIST.Y COMP.','','','','','no',''),
 ('07-0705-01904','DELGADO JAEN BENEDIK JASETH',5,'LIC.ING.SIST.Y COMP.','','','','','no',''),
 ('04-0747-01926','HOU FANGMEING',5,'LIC.ING.SIST.Y COMP.','','','','','no',''),
 ('06-0713-00046','RAMOS MAYRA',5,'LIC.ING.SIST.Y COMP.','','','','','no',''),
 ('06-0713-00088','MARTINEZ KLEBER',5,'LIC.ING.SIST.Y COMP.','','','','','no',''),
 ('07-0705-01317','GARCIA  RELUZ JUAN  MIGUEL',5,'LIC.ING.SIST.Y COMP.','','','','','no',''),
 ('07-0706-00074','RIVERA  GONZALEZ IVAN  OMAR',5,'LIC.ING.SIST.Y COMP.','','','','','no',''),
 ('09-0729-00382','SING VICTOR',5,'LIC.ING.SIST.Y COMP.','','','','','no',''),
 ('04-0719-01661','SALDANA  Q. MARTHA BEATRIZ',6,'','67064693','Llano Largo ','','','no',''),
 ('06-0713-01358','GARCIA GENOVEVA',6,'','67833126','Chitré','','','no',''),
 ('06-0714-00311','JIMENEZ MAXIMINO',3,'','','','','','no',''),
 ('07-0705-02185','AMORES VEGA RUBEN  SALVADOR',2,'','995-0065/6685-2','Sabana Grande-los Santos','rubnes291187@hotmail.com','','no',''),
 ('07-0706-01548','SOLIS G.  CAROLYN M.',6,'','','','','','no',''),
 ('08-0829-01046','TORRES P.  ARIANA V.',6,'','','','','','no',''),
 ('06-0713-02426','BATISTA ROLANDO',2,'','69488519','CALLE LUIS RIOS, CHITRE','rol_19_ando@hotmail.com','','si','0511'),
 ('07-0706-01876','PALOMINO JUAN',2,'','69489832','Los Santos','juansa_palomino@hotmail.com','','no','0518'),
 ('06-0713-02185','BATISTA EUGENIO',2,'','65012926','Chitré','euge_1011@hotmail.com','','si','0527'),
 ('06-0713-02348','TELLO MARIA',2,'','68784987','Monagrillo, Chitré','mariajulia_1389@hotmail.com','','no','0862'),
 ('06-0713-01983','TELLO KAREN',2,'','66887085','Chitré','k28b@hotmail.com','','no','0637'),
 ('07-0706-01810','GONZALEZ YAURISELL',2,'','','Santo Domingo, Las Tablas','yalis-an@hotmail.com','','no','0354'),
 ('06-0714-01309','RIOS CATHERINE',2,'','69801436','La Laja, Las Tablas','kty890@hotmail.com','','si','0939'),
 ('06-0713-02047','ROJAS OSCAR',2,'Azuero','69489946','Chitré','oskr_sk8@msn.com','','si','0957'),
 ('06-0712-02270','CEDEÑO CRISTINA',2,'','65768636','Chitré','sirc_2552@hotmail.com','','si','0865'),
 ('07-0707-00178','Javier Domínguez',5,'','','','',NULL,'no',''),
 ('06-0714-00445','FRANCO YAIR',4,'','996-4390','','','','no',''),
 ('06-0715-01004','BOSQUEZ HAXELL',4,'','','','','','no',''),
 ('06-0714-00578','CEDEÑO MARIO',4,'','','','','','no',''),
 ('06-0716-01480','PINTO CANDIDO',4,'','','','','','no',''),
 ('07-0708-00131','DOMINGUEZ OSVALDO ',4,'','','','','','no',''),
 ('07-0708-00121','SOLIS ALICIA',4,'','','','','','no',''),
 ('07-0708-00322','DOMINGUEZ BENIGNO',4,'','','','','','no',''),
 ('09-0730-02018','PINILLA ROLANDO',4,'','','','','','no',''),
 ('06-0711-00641','PINTO BASILIO',4,'','','','','','no',''),
 ('06-0714-00036','RODRIGUEZ JOSE',4,'','','','','','no',''),
 ('07-0706-02076','GARCIA JOSE',4,'','','','','','no',''),
 ('07-0706-02206','VERGARA EUCLIDES',4,'','','','','','no',''),
 ('07-0707-01322','MENDOZA CLAUDIO',4,'','','','','','no',''),
 ('08-0816-00034','GALVEZ ALEXIS',4,'','','','','','no',''),
 ('09-0722-02356','QUINTERO BARRIOS REYNALDO ALEXANDER',4,'','','','','','no',''),
 ('06-0072-00258','NIETO ROLANDO',4,'','','','','','no',''),
 ('06-0711-00392','VILLARREAL MENDEZ GUSTAVO ISIDRO',4,'','','','','','no',''),
 ('07-0701-01705','GONZALEZ LUIS',4,'','','','','','no',''),
 ('07-0706-00264','FRIAS DIOMEDES',4,'','','','','','no',''),
 ('06-0705-02426','TELLO ALBERTO',4,'','','','','','no',''),
 ('06-0707-01393','CALDERÓN R. LUIS ALBERTO',4,'','','','','','no',''),
 ('06-0712-01010','Katherin Pérez',1,'','000','0000','0000','','no',''),
 ('07-0707-01173','NAVARRO G. CLEYSI  DEL CARMEN',3,'','','','','','no',''),
 ('06-0707-01665','CEDEÑO JOSE',3,'','','','','','no',''),
 ('07-0706-01575','VÁSQUEZ EDGAR',3,'','','','','','no',''),
 ('06-0700-02326','SAMANIEGO RITA',3,'','','','','','no',''),
 ('06-0703-02244','TELLO HEIDY J.',3,'','','','','','no',''),
 ('07-0707-01059','CASTILLO JORGE',3,'','','','','','no',''),
 ('07-0707-01369','BARRIOS  MARIA ',3,'','','','','','no',''),
 ('07-0707-01988','MARTINEZ ZORIBELL',3,'','','','','','no',''),
 ('06-0713-01482','Leidys Del Carmen Murillo Atencio',5,'','65993154','Chitre','leidymurillo_214@yahoo.es','','no',''),
 ('06-0711-01749','ORTEGA GUSTAVO',5,'de Azuero','64147080','los sauces ,chitre','smallvillage04@gmail.com','','no',''),
 ('06-0712-01127','OSORIO MAUREN',3,'','','','','','no',''),
 ('06-0713-00325','PEREZ JOSE',3,'','000','Chitre','','','no',''),
 ('06-0712-01982','GALLARDO SANDRA',3,'','66938689','Chitré, Herrera','sandritagallardo_1208@hotmail.com','','no',''),
 ('06-0713-00705','ALFONSO JENNIPHER',2,'','65533670','Chitré','jennipher_2028@hotmail.com','','no','0879'),
 ('08-0859-00129','Abdel Amhid Gálvez Arguello',2,'','6678-2751','Urb. Buenos Aires - Chitré ','abdel.galvez@gmail.com','','si','0851'),
 ('07-0706-02346','BATISTA GERARDO',3,'','','','','','no',''),
 ('06-0713-01317','GARCIA ALBERTO',1,'','61265363','urbanizacion marejobo','qalbertogarcia21@hotmail.com','','no',''),
 ('06-0715-00277','Gianesis Miguelena Vásquez',2,'','66785274','Urb. Villas del Sol - Chitré','gianesis.miguelena@gmail.com','','si','0853'),
 ('06-0712-00983','RODRIGUEZ JIMENEZ HECTOR  AUGUSTO',2,'','65800745','Rayo de Luz, Chitre','hectorrodriguez_23@hotmail.com','','no','0440'),
 ('PE-0012-01360','MATA ALICIA',1,'Azuero','68118296','Macaracas, Los Santos','mmm3ali3@hotmail.com','','no',''),
 ('06-0714-00364','RODRIGUEZ CHEYN',2,'','','','','','no',''),
 ('06-0715-00113','PERALTA LUZ',5,'','9667843','EL EJIDO, LOS SANTOS','leps-29@hotmail.com','','no',''),
 ('07-0706-00183','CANTO, JOSE',2,'','','','','','no','0365'),
 ('07-0706-00217','MARIN GUILLERMO',2,'','69463049','Las Tablas','gmarin_6@hotmail.com','','si','0880'),
 ('06-0713-01739','GARCIA NILSO',2,'','6652-9963','Bda San Judas Tadeo','nilso_15@hotmail.com','','si','0606'),
 ('06-0714-01070','VALDES DIANA',2,'','6768-9441','Bda sSta Rita','diana2556@hotmail.com',NULL,'si','0921'),
 ('07-0706-00782','CORDOBA  G. LILIANA Del C.',3,'','','','','','no',''),
 ('06-0713-01028','RODRIGUEZ MANUEL',5,'','69140312','Chitre','manuf5one@hotmail.com','','no',''),
 ('07-0703-01884','DOMINGUEZ D. MICHAEL JOSE',5,'','65157177','Peña Blanca - Las Tablas','darknesscorp.mjd@gmail.com','','no',''),
 ('06-0713-00645','Yulissa Marlenys Rios Solis',5,'','67011742','Chitre','yuli_y2k@hotmail.com','','no',''),
 ('06-0713-02272','TELLO NELSON',5,'','65770983','chitre','netc_10@hotmail.com','','no',''),
 ('07-0706-0005','EDISON ATENCIO',5,'','67680920','los santos','edison_pro_23@hotmail.com',NULL,'no',''),
 ('06-0712-00833','SAENZ JUAN',5,'','68140758','Chitre','juank0688@hotmail.com','','no',''),
 ('07-0704-01233','CAMPOS RITA',5,'','6980-6423','La Villa de Los Santos','ritac2325@hotmail.com','','no',''),
 ('06-0712-02319','MARCIAGA JAIRO',5,'','974-9056','las cabras','jair_j0718@hotmail.com','','no',''),
 ('06-0712-01783','RODRIGUEZ YORLENYS',5,'','65729160','La Arena ','yorlymas@hotmail.com','','no',''),
 ('06-0713-01219','OSORIO NELSON',5,'','9964095/6543152','Urb. El Vigia calle # 10','chocolatesexual_21@hotmail.com','','no',''),
 ('06-0714-00021','Juan B. Atencio',5,'','6132-7527','altos de la feria','juan_16atncio@yahoo.es','','no',''),
 ('09-0732-00386','RODRIGUEZ BORIS',5,'','66542206','veraguas - santiago','bjr_0891@hotmail.com','','no',''),
 ('06-0713-01353','MENDEZ JAMES',5,'','66939757','Bda. El Encanto Monagrillo','jmendez1518dhotmail.es','','no',''),
 ('07-0706-01554','VERGARA BLANCA',5,'','69530688','Santo Domingo -Las Tablas','whiteflower_915@hotmail.com','','no',''),
 ('06-0713-02456','MENDOZA WILLIAM',5,'','65400065','Damasco, Chitré','whatsup@hotmail.es','','no',''),
 ('07-0706-00359','Carlos Pérez',2,'','9941605','Las Tablas','klito.21@hotmail.com','','no','0372'),
 ('06-0712-02402','PEÑA A. ALICIA L.',2,'Azuero','996-7505/691430','Chitré','alisettegirl_1788@hotmail.com','','no','0358'),
 ('07-0706-00837','CARVAJAL JOSE',2,'','67261812','El Ejido de Los Santos','jrenecarvajal@msn.com','','no','0878'),
 ('07-0706-01830','CANTO JOSE',2,'','','','','','no',''),
 ('06-0714-01956','BAULE EDISON',2,'','68086426','la arena - chitré','edison.baule@gmail.com','','si','0391'),
 ('06-0715-01392','SAMANIEGO KATHERINE',2,'','67010041','la arena - chitré','katy_30_91@hotmail.com','','no','0390'),
 ('07-0706-02308','VERGARA LUIS',2,'','69808977','las tablas','luis_vergara5@hotmail.com','','no','0516'),
 ('07-0708-00283','Emilio Sandoval',2,'','69607466','Sabana Grande L.S.','sandoval_emilio@hotmail.com',NULL,'no','0382'),
 ('07-0702-00238','FALCONETT LIBRADA',1,'Azuero','68776464','Guararé','librada.falconetth@gmail.com','','no',''),
 ('06-0712-01679','ITURRALDE JUAN',2,'','67168296','Santa Ana','iturraldejuan@hotmail.com','','no','0899'),
 ('08-0800-02232','GALAGARZA MARTINEZ FRANCISCO JAVIER',2,'','6534-4795','Brisas de Los Güyacanes-Chitré','frank-1318@hotmail.com','','si','0363'),
 ('06-0715-01120','CASTILLO KATHERINE',3,'','','','','','no',''),
 ('06-0716-00428','ORDOÑEZ MITZY',3,'','','','','','no',''),
 ('06-0715-02046','VILLARREAL NIDIA',3,'','','','','','no',''),
 ('07-0707-01708','DELGADO CARLOS',3,'','','','','','no',''),
 ('07-0705-01822','CORTEZ  M  JUAN',5,'','65379394','macaracas','naujcort@gmail.com','','no',''),
 ('07-0707-00708','RUÍZ MARISEL',5,'','64458601','Los Leales, Macaracas','mariselrg-24@hotmail.com','','no',''),
 ('07-0706-00725','ESPINO, MARIA LUISA',2,'','','','','','no','0854'),
 ('09-0734-02137','FERNANDEZ, MANUEL',2,'','','','','','si','0856'),
 ('06-0714-01646','GOMÉZ, AMANDA',2,'','','','','','si','0464'),
 ('07-0707-00777','JAÉN, CELESTINO',2,'','','','','','no','0621'),
 ('08-0833-00933','LASSO, ALINA',2,'','','','','','no','0602'),
 ('06-0710-00650','RODRIGUEZ, EDILBERTO',2,'','','','','','no','0616'),
 ('08-0440-00964','GONZALEZ, ALDEMAR',2,'','','','','','no','0214'),
 ('06-0058-01711','MELENDEZ, SERGIO',2,'','','','','','no','0080');
UNLOCK TABLES;
/*!40000 ALTER TABLE `estudiantes` ENABLE KEYS */;


--
-- Definition of table `congreso`.`facultad`
--

DROP TABLE IF EXISTS `congreso`.`facultad`;
CREATE TABLE  `congreso`.`facultad` (
  `idfacultad` int(11) NOT NULL,
  `facultad` varchar(70) NOT NULL,
  `logo` varchar(100) NOT NULL,
  `url` varchar(100) NOT NULL,
  PRIMARY KEY (`idfacultad`)
) ENGINE=MyISAM DEFAULT CHARSET=latin1;

--
-- Dumping data for table `congreso`.`facultad`
--

/*!40000 ALTER TABLE `facultad` DISABLE KEYS */;
LOCK TABLES `facultad` WRITE;
INSERT INTO `congreso`.`facultad` VALUES  (1,'FACULTAD ING. CIVIL','',''),
 (2,'FACULTAD ING. ELECTRICA','',''),
 (3,'FACULTAD ING. INDUSTRIAL','',''),
 (4,'FACULTAD ING. MECANICA','',''),
 (5,'FACULTAD ING. SISTEMAS COMPUTACIONALES','',''),
 (6,'FACULTAD CIENCIAS Y TECNOLOGIAS','','');
UNLOCK TABLES;
/*!40000 ALTER TABLE `facultad` ENABLE KEYS */;


--
-- Definition of table `congreso`.`prioridades`
--

DROP TABLE IF EXISTS `congreso`.`prioridades`;
CREATE TABLE  `congreso`.`prioridades` (
  `maximo_prioridad` int(11) DEFAULT NULL,
  `maximo_reserva` int(11) DEFAULT NULL,
  `idfacultad` int(11) NOT NULL DEFAULT '0',
  PRIMARY KEY (`idfacultad`)
) ENGINE=MyISAM DEFAULT CHARSET=latin1;

--
-- Dumping data for table `congreso`.`prioridades`
--

/*!40000 ALTER TABLE `prioridades` DISABLE KEYS */;
LOCK TABLES `prioridades` WRITE;
INSERT INTO `congreso`.`prioridades` VALUES  (3,1,2);
UNLOCK TABLES;
/*!40000 ALTER TABLE `prioridades` ENABLE KEYS */;


--
-- Definition of table `congreso`.`reservacion`
--

DROP TABLE IF EXISTS `congreso`.`reservacion`;
CREATE TABLE  `congreso`.`reservacion` (
  `id` int(11) NOT NULL AUTO_INCREMENT,
  `cedula` varchar(35) NOT NULL,
  `idtaller` varchar(35) NOT NULL,
  `prioridad` int(11) NOT NULL,
  `idfacultad` int(11) NOT NULL,
  `fecha` datetime NOT NULL,
  PRIMARY KEY (`id`),
  KEY `new_index` (`cedula`,`idtaller`)
) ENGINE=MyISAM AUTO_INCREMENT=186 DEFAULT CHARSET=latin1;

--
-- Dumping data for table `congreso`.`reservacion`
--

/*!40000 ALTER TABLE `reservacion` DISABLE KEYS */;
LOCK TABLES `reservacion` WRITE;
INSERT INTO `congreso`.`reservacion` VALUES  (1,'07-0707-02482','01',1,2,'2010-09-21 00:00:00'),
 (2,'07-0707-02482','06',3,2,'2010-09-21 00:00:00'),
 (3,'07-0707-02482','22',2,2,'2010-09-21 00:00:00'),
 (4,'06-0715-02000','10',3,2,'2010-09-22 00:00:00'),
 (5,'06-0715-02000','11',2,2,'2010-09-22 00:00:00'),
 (6,'06-0715-02000','12',1,2,'2010-09-22 00:00:00'),
 (7,'08-0813-02124','06',1,2,'2010-09-22 00:00:00'),
 (8,'08-0813-02124','08',2,2,'2010-09-22 00:00:00'),
 (9,'08-0813-02124','10',3,2,'2010-09-22 00:00:00'),
 (10,'06-0714-01792','01',3,2,'2010-09-22 00:00:00'),
 (11,'06-0714-01792','06',2,2,'2010-09-22 00:00:00'),
 (12,'06-0714-01792','13',1,2,'2010-09-22 00:00:00'),
 (13,'06-0709-01937','18',2,2,'2010-09-22 00:00:00'),
 (14,'06-0709-01937','20',1,2,'2010-09-22 00:00:00'),
 (15,'06-0709-01937','22',3,2,'2010-09-22 00:00:00'),
 (16,'07-0707-02035','05',2,2,'2010-09-22 00:00:00'),
 (17,'07-0707-02035','13',1,2,'2010-09-22 00:00:00'),
 (18,'07-0707-02035','19',3,2,'2010-09-22 00:00:00'),
 (19,'06-0713-00052','04',2,2,'2010-09-22 00:00:00'),
 (20,'06-0713-00052','07',1,2,'2010-09-22 00:00:00'),
 (21,'06-0713-00052','13',3,2,'2010-09-22 00:00:00'),
 (22,'08-0844-01924','04',1,2,'2010-09-22 00:00:00'),
 (23,'08-0844-01924','12',2,2,'2010-09-22 00:00:00'),
 (24,'08-0844-01924','14',3,2,'2010-09-22 00:00:00'),
 (25,'07-0707-01169','12',1,2,'2010-09-22 00:00:00'),
 (26,'07-0707-01169','19',2,2,'2010-09-22 00:00:00'),
 (27,'07-0707-01169','20',3,2,'2010-09-22 00:00:00'),
 (28,'06-0712-02051','19',1,2,'2010-09-22 00:00:00'),
 (29,'06-0712-02051','20',2,2,'2010-09-22 00:00:00'),
 (30,'06-0712-02051','22',3,2,'2010-09-22 00:00:00'),
 (31,'07-0706-00894','05',2,2,'2010-09-22 00:00:00'),
 (32,'07-0706-00894','13',1,2,'2010-09-22 00:00:00'),
 (33,'07-0706-00894','19',3,2,'2010-09-22 00:00:00'),
 (34,'06-0726-00958','04',2,2,'2010-09-22 00:00:00'),
 (35,'06-0726-00958','13',1,2,'2010-09-22 00:00:00'),
 (36,'06-0726-00958','19',3,2,'2010-09-22 00:00:00'),
 (40,'06-0714-01956','07',1,2,'2010-09-22 00:00:00'),
 (41,'06-0714-01956','12',2,2,'2010-09-22 00:00:00'),
 (42,'06-0714-01956','19',3,2,'2010-09-22 00:00:00'),
 (156,'07-0708-00851','13',3,2,'2010-09-22 00:00:00'),
 (155,'07-0708-00851','09',2,2,'2010-09-22 00:00:00'),
 (154,'07-0708-00851','03',1,2,'2010-09-22 00:00:00'),
 (46,'07-0707-01260','11',3,2,'2010-09-22 00:00:00'),
 (47,'07-0707-01260','12',1,2,'2010-09-22 00:00:00'),
 (48,'07-0707-01260','23',2,2,'2010-09-22 00:00:00'),
 (49,'07-0706-01034','12',1,2,'2010-09-22 00:00:00'),
 (50,'06-0714-01708','04',1,2,'2010-09-22 00:00:00'),
 (51,'06-0714-01708','09',3,2,'2010-09-22 00:00:00'),
 (52,'06-0714-01708','13',2,2,'2010-09-22 00:00:00'),
 (165,'06-0713-02426','04',3,2,'2010-09-22 00:00:00'),
 (54,'06-0714-02171','04',1,2,'2010-09-22 00:00:00'),
 (55,'06-0714-02171','09',3,2,'2010-09-22 00:00:00'),
 (56,'06-0714-02171','13',2,2,'2010-09-22 00:00:00'),
 (57,'06-0714-02255','04',1,2,'2010-09-22 00:00:00'),
 (58,'06-0714-02255','09',3,2,'2010-09-22 00:00:00'),
 (59,'06-0714-02255','13',2,2,'2010-09-22 00:00:00'),
 (60,'07-0707-01089','11',3,2,'2010-09-22 00:00:00'),
 (61,'07-0707-01089','12',1,2,'2010-09-22 00:00:00'),
 (62,'07-0707-01089','23',2,2,'2010-09-22 00:00:00'),
 (63,'06-0715-00030','05',1,2,'2010-09-22 00:00:00'),
 (64,'07-0707-00489','09',2,2,'2010-09-22 00:00:00'),
 (65,'07-0707-00489','20',1,2,'2010-09-22 00:00:00'),
 (66,'07-0707-00489','22',3,2,'2010-09-22 00:00:00'),
 (67,'07-0707-01361','11',3,2,'2010-09-22 00:00:00'),
 (68,'07-0707-01361','13',1,2,'2010-09-22 00:00:00'),
 (69,'07-0707-01361','23',2,2,'2010-09-22 00:00:00'),
 (70,'06-0715-01472','07',1,2,'2010-09-22 00:00:00'),
 (71,'06-0715-01472','10',2,2,'2010-09-22 00:00:00'),
 (72,'06-0715-01472','20',3,2,'2010-09-22 00:00:00'),
 (73,'07-0708-00422','01',1,2,'2010-09-22 00:00:00'),
 (74,'07-0708-00422','23',2,2,'2010-09-22 00:00:00'),
 (75,'07-0708-00422','22',3,2,'2010-09-22 00:00:00'),
 (76,'06-0712-01587','04',1,2,'2010-09-22 00:00:00'),
 (77,'06-0712-01587','11',2,2,'2010-09-22 00:00:00'),
 (78,'06-0712-01587','19',3,2,'2010-09-22 00:00:00'),
 (81,'06-0714-01525','06',1,2,'2010-09-22 00:00:00'),
 (82,'06-0714-01525','11',3,2,'2010-09-22 00:00:00'),
 (83,'06-0714-01525','22',2,2,'2010-09-22 00:00:00'),
 (85,'02-0727-02312','01',1,2,'2010-09-22 00:00:00'),
 (86,'02-0727-02312','09',2,2,'2010-09-22 00:00:00'),
 (87,'02-0727-02312','13',3,2,'2010-09-22 00:00:00'),
 (88,'06-0714-01848','06',3,2,'2010-09-22 00:00:00'),
 (89,'06-0714-01848','11',1,2,'2010-09-22 00:00:00'),
 (90,'06-0714-01848','22',2,2,'2010-09-22 00:00:00'),
 (168,'08-0800-02232','12',2,2,'2010-09-22 00:00:00'),
 (169,'08-0800-02232','18',1,2,'2010-09-22 00:00:00'),
 (164,'06-0712-02270','20',3,2,'2010-09-22 00:00:00'),
 (163,'06-0712-02270','19',2,2,'2010-09-22 00:00:00'),
 (162,'06-0712-02270','18',1,2,'2010-09-22 00:00:00'),
 (97,'07-0707-00297','04',1,2,'2010-09-22 00:00:00'),
 (98,'07-0707-00297','13',2,2,'2010-09-22 00:00:00'),
 (99,'07-0707-00297','16',3,2,'2010-09-22 00:00:00'),
 (100,'06-0714-00970','01',1,2,'2010-09-22 00:00:00'),
 (101,'06-0714-00970','09',2,2,'2010-09-22 00:00:00'),
 (102,'06-0714-00970','13',3,2,'2010-09-22 00:00:00'),
 (103,'06-0713-02368','12',1,2,'2010-09-22 00:00:00'),
 (104,'07-0707-00129','06',1,2,'2010-09-22 00:00:00'),
 (105,'07-0707-00129','16',2,2,'2010-09-22 00:00:00'),
 (106,'07-0707-00129','23',3,2,'2010-09-22 00:00:00'),
 (107,'06-0713-02185','12',1,2,'2010-09-22 00:00:00'),
 (108,'06-0713-02185','19',2,2,'2010-09-22 00:00:00'),
 (109,'06-0713-02185','23',3,2,'2010-09-22 00:00:00'),
 (110,'07-0707-01979','01',2,2,'2010-09-22 00:00:00'),
 (111,'07-0707-01979','09',3,2,'2010-09-22 00:00:00'),
 (112,'07-0707-01979','20',1,2,'2010-09-22 00:00:00'),
 (113,'06-0713-01740','24',2,2,'2010-09-22 00:00:00'),
 (114,'06-0713-01740','13',1,2,'2010-09-22 00:00:00'),
 (115,'06-0713-01740','14',3,2,'2010-09-22 00:00:00'),
 (116,'07-0706-00217','16',1,2,'2010-09-22 00:00:00'),
 (117,'07-0706-00217','23',2,2,'2010-09-22 00:00:00'),
 (118,'07-0706-00217','22',3,2,'2010-09-22 00:00:00'),
 (119,'06-0713-02047','12',1,2,'2010-09-22 00:00:00'),
 (120,'06-0713-02047','19',2,2,'2010-09-22 00:00:00'),
 (121,'06-0713-02047','22',3,2,'2010-09-22 00:00:00'),
 (122,'06-0714-01637','08',1,2,'2010-09-22 00:00:00'),
 (123,'06-0714-01637','23',2,2,'2010-09-22 00:00:00'),
 (124,'06-0714-01637','22',3,2,'2010-09-22 00:00:00'),
 (125,'06-0715-00562','08',2,2,'2010-09-22 00:00:00'),
 (126,'06-0715-00562','10',1,2,'2010-09-22 00:00:00'),
 (166,'06-0713-02426','12',2,2,'2010-09-22 00:00:00'),
 (167,'06-0713-02426','18',1,2,'2010-09-22 00:00:00'),
 (130,'06-0714-01309','12',1,2,'2010-09-22 00:00:00'),
 (131,'06-0714-01309','17',3,2,'2010-09-22 00:00:00'),
 (132,'06-0714-01309','23',2,2,'2010-09-22 00:00:00'),
 (133,'06-0713-01739','11',2,2,'2010-09-22 00:00:00'),
 (134,'06-0713-01739','19',3,2,'2010-09-22 00:00:00'),
 (135,'06-0713-01739','20',1,2,'2010-09-22 00:00:00'),
 (136,'09-0734-02137','08',1,2,'2010-09-22 00:00:00'),
 (137,'09-0734-02137','13',3,2,'2010-09-22 00:00:00'),
 (138,'09-0734-02137','23',2,2,'2010-09-22 00:00:00'),
 (139,'06-0714-01070','11',2,2,'2010-09-22 00:00:00'),
 (140,'06-0714-01070','19',3,2,'2010-09-22 00:00:00'),
 (141,'06-0714-01070','20',1,2,'2010-09-22 00:00:00'),
 (142,'06-0714-01635','04',3,2,'2010-09-22 00:00:00'),
 (143,'06-0714-01635','13',2,2,'2010-09-22 00:00:00'),
 (144,'06-0714-01635','16',1,2,'2010-09-22 00:00:00'),
 (145,'06-0714-01646','04',1,2,'2010-09-22 00:00:00'),
 (146,'06-0714-01646','12',3,2,'2010-09-22 00:00:00'),
 (147,'06-0714-01646','16',2,2,'2010-09-22 00:00:00'),
 (148,'06-0715-00902','08',1,2,'2010-09-22 00:00:00'),
 (149,'06-0715-00902','13',3,2,'2010-09-22 00:00:00'),
 (150,'06-0715-00902','23',2,2,'2010-09-22 00:00:00'),
 (151,'02-0726-01561','08',2,2,'2010-09-22 00:00:00'),
 (152,'02-0726-01561','10',3,2,'2010-09-22 00:00:00'),
 (153,'02-0726-01561','13',1,2,'2010-09-22 00:00:00'),
 (157,'06-0715-00622','10',2,2,'2010-09-22 00:00:00'),
 (158,'06-0715-00622','12',1,2,'2010-09-22 00:00:00'),
 (159,'08-0859-00129','13',1,2,'2010-09-22 00:00:00'),
 (160,'08-0859-00129','16',2,2,'2010-09-22 00:00:00'),
 (161,'08-0859-00129','19',3,2,'2010-09-22 00:00:00'),
 (170,'08-0800-02232','20',3,2,'2010-09-22 00:00:00'),
 (182,'07-0705-02308','20',2,2,'2010-09-22 00:00:00'),
 (181,'07-0705-02308','19',3,2,'2010-09-22 00:00:00'),
 (180,'07-0705-02308','18',1,2,'2010-09-22 00:00:00'),
 (174,'07-0706-01243','16',2,2,'2010-09-22 00:00:00'),
 (175,'07-0706-01243','18',1,2,'2010-09-22 00:00:00'),
 (176,'07-0706-01243','19',3,2,'2010-09-22 00:00:00'),
 (177,'06-0715-01905','13',3,2,'2010-09-22 00:00:00'),
 (178,'06-0715-01905','17',2,2,'2010-09-22 00:00:00'),
 (179,'06-0715-01905','18',1,2,'2010-09-22 00:00:00'),
 (183,'06-0715-00277','11',1,2,'2010-09-22 00:00:00'),
 (184,'06-0715-00277','13',2,2,'2010-09-22 00:00:00'),
 (185,'06-0715-00277','19',3,2,'2010-09-22 00:00:00');
UNLOCK TABLES;
/*!40000 ALTER TABLE `reservacion` ENABLE KEYS */;


--
-- Definition of table `congreso`.`talleres`
--

DROP TABLE IF EXISTS `congreso`.`talleres`;
CREATE TABLE  `congreso`.`talleres` (
  `idtaller` varchar(35) NOT NULL,
  `taller` varchar(80) NOT NULL,
  `descripcion` text NOT NULL,
  `fecha` varchar(10) NOT NULL,
  `horainicio` varchar(10) NOT NULL,
  `horaterminacion` varchar(10) NOT NULL,
  `lugar` varchar(80) NOT NULL,
  `cupos` int(11) NOT NULL,
  `abierto` varchar(2) NOT NULL,
  `tomados` int(11) NOT NULL,
  `expositor` varchar(70) NOT NULL,
  `url` varchar(70) DEFAULT NULL,
  `foto` varchar(70) DEFAULT NULL,
  `idfacultad` int(11) NOT NULL,
  PRIMARY KEY (`idtaller`,`idfacultad`) USING BTREE
) ENGINE=MyISAM DEFAULT CHARSET=latin1;

--
-- Dumping data for table `congreso`.`talleres`
--

/*!40000 ALTER TABLE `talleres` DISABLE KEYS */;
LOCK TABLES `talleres` WRITE;
INSERT INTO `congreso`.`talleres` VALUES  ('01','Matlab Básico','Laboratorio de Matrices.','27/09/2010','08:30AM','12:00PM','Lab. de Electrónica Análoga (7PT5)',15,'si',4,'Lilio Villarreal','','',2),
 ('02','Matlab Básico','Laboratorio de Matrices.','27/09/2010','06:00PM','09:00PM','Lab. de Electrónica Análoga (7PT5)',15,'si',0,'Roberto Cigarruista','','',2),
 ('03','Matlab Básico','Laboratorio de Matrices.','28/09/2010','08:30AM','12:00PM','Lab. de Electrónica Análoga (7PT5)',15,'si',1,'Lilio Villarreal','','',2),
 ('04','Programación  VHDL','Programación basada en lenguaje descriptivo de hardware.','27/09/2010','08:30AM','12:00PM','Lab. de Electrónica Digital (7PA4)',20,'si',7,'José Pereira','','',2),
 ('06','Programación  VHDL','Programación basada en lenguaje de descripción de hardware.','29/09/2010','08:30AM','12:00PM','Lab. de Electrónica Digital (7PA4)',20,'si',3,'Yubel García','','',2),
 ('05','Programación  VHDL','Programación basada en lenguaje de descripción de hardware.','27/09/2010','06:00PM','09:00PM','Lab. de Electrónica Digital (7PA4)',20,'si',1,'Yubel García','','',2),
 ('07','Controladores Lógicos Programables  (PLC)','Dispositivo electrónico, capaz de controlar en tiempo real y en ambiente industrial; procesos secuenciales.','27/09/2010','08:30AM','12:00PM','Lab. de Automatización (7SAU)',15,'si',3,'Jennipher Alfonso','','',2),
 ('08','Controladores Lógicos Programables (PLC)','Dispositivo electrónico, capaz de controlar en tiempo real y en ambiente industrial; procesos secuenciales.','27/09/2010','06:00PM','09:00PM','Lab. de Automatización (7SAU)',20,'si',3,'Edgar Vega','','',2),
 ('09','Controladores Lógicos Programables  (PLC)','Dispositivo electrónico, capaz de controlar en tiempo real y en ambiente industrial; procesos secuenciales.','29/09/2010','08:00AM','11:00AM','Lab. de Automatización (7SAU)',20,'si',0,'Jennipher Alfonso','','',2),
 ('10','Soldadura Técnica','Usted aprendera a soldar con precision y buena estética.','27/09/2010','01:30PM','03:00PM','Lab. de Electrónica General (7PT4). Indispensable      llevar cautin y estaño.',15,'si',1,'Cecilio Solis','','',2),
 ('11','Uso del Osciloscopio Análogo','Usted aprenderá a calibrarlo, verificar la frecuencia, el periodo, etc.','27/09/2010','01:30PM','04:00PM','Lab. de Electrónica Análoga (7PT5)',15,'si',2,'Francisco Canto','','',2),
 ('12','Instalación de Antena Satelital','Una antena parabólica recibe las ondas electromágneticas del satélite,y luego de ciertos procesos es que recibimos la señal en el televisor.','29/09/2010','08:30AM','12:00PM','Aula 7-PC7 y Patio del Edifico \"A\"',30,'si',10,'Yeika Vargas y Orlando González','','',2),
 ('24','Introducción a la Comunicación en AM','Planteaminento del uso de los instrumentos que se han de usar en la comunicación en AM.','29/09/2010','11:00AM','12:00PM','Salón Azul 2 (AZU-2)',30,'si',0,'Fernando González','','',2),
 ('13','Instalación de Antena Satelital','Una antena parabólica recibe las ondas electromágneticas del satélite,y luego de ciertos procesos es que recibimos la señal en el televisor.','30/09/2010','08:30AM','12:00PM','Aula 7-PC7 y Patio del Edificio \"A\"',30,'si',8,'Yeika Vargas y Orlando González','','',2),
 ('14','Adquisición de Datos con LABVIEW','Permite lograr una mayor comprensión del proceso, dado a que se puede observar claramente lo que esta sucediendo en cada uno de los dispositivos involucrados en el mismo.','28/09/2010','08:00AM','12:00PM','Lab. de Electrónica Análoga (7PT5)',18,'si',0,'Ediquio González','','',2),
 ('15','Adquisición de Datos conLABVIEW','Permite observar claramente lo que esta sucediendo en cada uno de los dispositivos involucrados en el proceso','30/09/2010','08:30AM','12:00PM','Lab. de Electrónica Análoga (7PT5)',18,'si',0,'Ediquio González','','',2),
 ('16','Uso del Osciloscopio Digital y Módulos ELVIS II','A través de ellos es posible obtener los aspectos caracteristicos de diferentes señales, tales como; la frecuencia, el periodo, la amplitud. Es posible además medir voltajes, corrientes, impedancias, etc.','28/09/2010','08:30AM','12:00PM','Lab. de Electrónica Digital (7PA4)',18,'si',2,'José Muñoz y José Pereira','','',2),
 ('17','Uso del Osciloscopio Digital y Módulos ELVIS II','Permiten obtener ciertos paramétros de distintos tipos de ondas; tales como la frecuencia, el periodo, la amplitud, etc.','30/09/2010','08:30AM','12:00PM','Lab. de Electrónica Digital (7PA4)',18,'si',0,'José Muñoz y José Pereira','','',2),
 ('18','Ahorro Energético, Telecomunicaciones y Robótica','Consejos y recomendaciones para tomar conciencia en cuanto al ahorro de la energía.','28/09/2010','01:00PM','04:00PM','Salón Azul 1(AZU-1)',50,'si',6,'Edilberto Hall, Carlos Medina y Luis Mendez','','',2),
 ('19','Sensores Especializados','Conocimiento general del uso y manejo de los sensores en el área industrial.','29/09/2010','01:30PM','04:00PM','Salón Azul 1 (AZU-1)',50,'si',1,'Endress Hauser','','',2),
 ('20','Equipos de Automatización Industrial','Todo lo referente a sensores, relés, variadores de velocidad,etc.','30/09/2010','01:30PM','04:00PM','Salón Azul 1 (AZU-1)',50,'si',5,'Grupo Melexa','','',2),
 ('23','Las TELECOMUNICACIONES','El enfoque de las mismas en el mundo actual.','28/09/2010','03:00PM','04:00PM','Salón Azul 1(AZU-1)',50,'no',0,'Carlos Medina','','',2),
 ('22','Métodos Utilizando PATH PLAYNNING (ROBOTICA)','Determinar como el robots, ubica coordenadas en el espacio.','28/92/2010','02:00PM','03:00PM','Salon Azul 1 (AZU-1)',50,'no',0,'Luis Mendez','','',2);
UNLOCK TABLES;
/*!40000 ALTER TABLE `talleres` ENABLE KEYS */;


--
-- Definition of table `congreso`.`usuarios`
--

DROP TABLE IF EXISTS `congreso`.`usuarios`;
CREATE TABLE  `congreso`.`usuarios` (
  `username` varchar(35) NOT NULL,
  `nombre` varchar(60) NOT NULL,
  `grupo` varchar(35) NOT NULL,
  `password` varchar(100) NOT NULL,
  `activo` varchar(2) NOT NULL DEFAULT 'si',
  `idfacultad` int(11) NOT NULL,
  PRIMARY KEY (`username`) USING BTREE
) ENGINE=MyISAM DEFAULT CHARSET=latin1;

--
-- Dumping data for table `congreso`.`usuarios`
--

/*!40000 ALTER TABLE `usuarios` DISABLE KEYS */;
LOCK TABLES `usuarios` WRITE;
INSERT INTO `congreso`.`usuarios` VALUES  ('avbravo','aristides villarreal','5','denver','si',2),
 ('ediquio','Ediquio Gonzalez','administrador','master02','si',2),
 ('jennipher','Jennipher Alfonso','administrador','master03','si',2);
UNLOCK TABLES;
/*!40000 ALTER TABLE `usuarios` ENABLE KEYS */;




/*!40101 SET SQL_MODE=@OLD_SQL_MODE */;
/*!40014 SET FOREIGN_KEY_CHECKS=@OLD_FOREIGN_KEY_CHECKS */;
/*!40014 SET UNIQUE_CHECKS=@OLD_UNIQUE_CHECKS */;
/*!40101 SET CHARACTER_SET_CLIENT=@OLD_CHARACTER_SET_CLIENT */;
/*!40101 SET CHARACTER_SET_RESULTS=@OLD_CHARACTER_SET_RESULTS */;
/*!40101 SET COLLATION_CONNECTION=@OLD_COLLATION_CONNECTION */;
/*!40101 SET CHARACTER_SET_CLIENT=@OLD_CHARACTER_SET_CLIENT */;
